,file,number,date_time,weight,Sex_Limit_Category,species,farm,house,gender,pen
5,JC06M02,1,2022-10-07 13:09:31,1.017,not used,J,C,06,M,02
6,JC06M02,2,2022-10-07 13:09:38,1.152,not used,J,C,06,M,02
7,JC06M02,3,2022-10-07 13:09:48,1.433,not used,J,C,06,M,02
8,JC06M02,4,2022-10-07 13:10:00,1.254,not used,J,C,06,M,02
9,JC06M02,5,2022-10-07 13:10:08,1.430,not used,J,C,06,M,02
10,JC06M02,6,2022-10-07 13:10:20,1.369,not used,J,C,06,M,02
11,JC06M02,7,2022-10-07 13:10:28,1.354,not used,J,C,06,M,02
12,JC06M02,8,2022-10-07 13:10:37,1.327,not used,J,C,06,M,02
13,JC06M02,9,2022-10-07 13:10:44,1.306,not used,J,C,06,M,02
14,JC06M02,10,2022-10-07 13:10:52,1.450,not used,J,C,06,M,02
15,JC06M02,11,2022-10-07 13:10:59,1.359,not used,J,C,06,M,02
16,JC06M02,12,2022-10-07 13:11:07,1.282,not used,J,C,06,M,02
17,JC06M02,13,2022-10-07 13:11:15,1.436,not used,J,C,06,M,02
18,JC06M02,14,2022-10-07 13:11:22,1.414,not used,J,C,06,M,02
19,JC06M02,15,2022-10-07 13:11:30,1.447,not used,J,C,06,M,02
20,JC06M02,16,2022-10-07 13:11:37,1.374,not used,J,C,06,M,02
21,JC06M02,17,2022-10-07 13:11:44,1.630,not used,J,C,06,M,02
22,JC06M02,18,2022-10-07 13:11:55,1.333,not used,J,C,06,M,02
23,JC06M02,19,2022-10-07 13:12:03,1.675,not used,J,C,06,M,02
24,JC06M02,20,2022-10-07 13:12:13,1.454,not used,J,C,06,M,02
33,JC06M03,1,2022-10-07 13:12:51,1.297,not used,J,C,06,M,03
34,JC06M03,2,2022-10-07 13:13:00,1.379,not used,J,C,06,M,03
35,JC06M03,3,2022-10-07 13:13:08,1.314,not used,J,C,06,M,03
36,JC06M03,4,2022-10-07 13:13:15,1.448,not used,J,C,06,M,03
37,JC06M03,5,2022-10-07 13:13:25,1.321,not used,J,C,06,M,03
38,JC06M03,6,2022-10-07 13:13:32,1.270,not used,J,C,06,M,03
39,JC06M03,7,2022-10-07 13:13:40,1.284,not used,J,C,06,M,03
40,JC06M03,8,2022-10-07 13:13:51,1.381,not used,J,C,06,M,03
41,JC06M03,9,2022-10-07 13:13:57,1.111,not used,J,C,06,M,03
42,JC06M03,10,2022-10-07 13:14:07,1.282,not used,J,C,06,M,03
43,JC06M03,11,2022-10-07 13:14:14,1.252,not used,J,C,06,M,03
44,JC06M03,12,2022-10-07 13:14:20,1.160,not used,J,C,06,M,03
45,JC06M03,13,2022-10-07 13:14:27,1.399,not used,J,C,06,M,03
46,JC06M03,14,2022-10-07 13:14:35,1.424,not used,J,C,06,M,03
47,JC06M03,15,2022-10-07 13:14:41,1.343,not used,J,C,06,M,03
48,JC06M03,16,2022-10-07 13:14:51,1.247,not used,J,C,06,M,03
49,JC06M03,17,2022-10-07 13:14:57,1.278,not used,J,C,06,M,03
50,JC06M03,18,2022-10-07 13:15:04,1.160,not used,J,C,06,M,03
51,JC06M03,19,2022-10-07 13:15:14,1.109,not used,J,C,06,M,03
52,JC06M03,20,2022-10-07 13:15:20,1.397,not used,J,C,06,M,03
61,JC06M04,1,2022-10-07 13:15:56,1.516,not used,J,C,06,M,04
62,JC06M04,2,2022-10-07 13:16:06,1.415,not used,J,C,06,M,04
63,JC06M04,3,2022-10-07 13:16:14,1.578,not used,J,C,06,M,04
64,JC06M04,4,2022-10-07 13:16:21,1.381,not used,J,C,06,M,04
65,JC06M04,5,2022-10-07 13:16:27,1.286,not used,J,C,06,M,04
66,JC06M04,6,2022-10-07 13:16:34,1.521,not used,J,C,06,M,04
67,JC06M04,7,2022-10-07 13:16:41,1.353,not used,J,C,06,M,04
68,JC06M04,8,2022-10-07 13:16:54,1.257,not used,J,C,06,M,04
69,JC06M04,9,2022-10-07 13:17:00,1.650,not used,J,C,06,M,04
70,JC06M04,10,2022-10-07 13:17:07,1.230,not used,J,C,06,M,04
71,JC06M04,11,2022-10-07 13:17:14,1.516,not used,J,C,06,M,04
72,JC06M04,12,2022-10-07 13:17:21,1.409,not used,J,C,06,M,04
73,JC06M04,13,2022-10-07 13:17:29,1.476,not used,J,C,06,M,04
74,JC06M04,14,2022-10-07 13:17:36,1.465,not used,J,C,06,M,04
75,JC06M04,15,2022-10-07 13:17:44,1.229,not used,J,C,06,M,04
76,JC06M04,16,2022-10-07 13:17:51,1.270,not used,J,C,06,M,04
77,JC06M04,17,2022-10-07 13:18:01,1.522,not used,J,C,06,M,04
78,JC06M04,18,2022-10-07 13:18:08,1.411,not used,J,C,06,M,04
79,JC06M04,19,2022-10-07 13:18:15,1.346,not used,J,C,06,M,04
80,JC06M04,20,2022-10-07 13:18:23,1.277,not used,J,C,06,M,04
89,JC06M05,1,2022-10-07 13:19:08,1.285,not used,J,C,06,M,05
90,JC06M05,2,2022-10-07 13:19:15,1.297,not used,J,C,06,M,05
91,JC06M05,3,2022-10-07 13:19:22,1.383,not used,J,C,06,M,05
92,JC06M05,4,2022-10-07 13:19:29,1.265,not used,J,C,06,M,05
93,JC06M05,5,2022-10-07 13:19:35,1.286,not used,J,C,06,M,05
94,JC06M05,6,2022-10-07 13:19:45,1.467,not used,J,C,06,M,05
95,JC06M05,7,2022-10-07 13:19:54,1.526,not used,J,C,06,M,05
96,JC06M05,8,2022-10-07 13:20:01,1.318,not used,J,C,06,M,05
97,JC06M05,9,2022-10-07 13:20:08,1.447,not used,J,C,06,M,05
98,JC06M05,10,2022-10-07 13:20:18,1.323,not used,J,C,06,M,05
99,JC06M05,11,2022-10-07 13:20:26,1.430,not used,J,C,06,M,05
100,JC06M05,12,2022-10-07 13:20:34,1.487,not used,J,C,06,M,05
101,JC06M05,13,2022-10-07 13:20:45,1.510,not used,J,C,06,M,05
102,JC06M05,14,2022-10-07 13:20:53,1.403,not used,J,C,06,M,05
103,JC06M05,15,2022-10-07 13:21:03,1.623,not used,J,C,06,M,05
104,JC06M05,16,2022-10-07 13:21:11,1.594,not used,J,C,06,M,05
105,JC06M05,17,2022-10-07 13:21:19,1.448,not used,J,C,06,M,05
106,JC06M05,18,2022-10-07 13:21:28,1.445,not used,J,C,06,M,05
107,JC06M05,19,2022-10-07 13:21:36,1.678,not used,J,C,06,M,05
108,JC06M05,20,2022-10-07 13:21:43,1.233,not used,J,C,06,M,05
117,JC06M06,1,2022-10-07 13:22:26,1.324,not used,J,C,06,M,06
118,JC06M06,2,2022-10-07 13:22:36,1.650,not used,J,C,06,M,06
119,JC06M06,3,2022-10-07 13:22:43,1.495,not used,J,C,06,M,06
120,JC06M06,4,2022-10-07 13:22:50,1.225,not used,J,C,06,M,06
121,JC06M06,5,2022-10-07 13:22:57,1.237,not used,J,C,06,M,06
122,JC06M06,6,2022-10-07 13:23:05,1.522,not used,J,C,06,M,06
123,JC06M06,7,2022-10-07 13:23:13,1.538,not used,J,C,06,M,06
124,JC06M06,8,2022-10-07 13:23:21,1.486,not used,J,C,06,M,06
125,JC06M06,9,2022-10-07 13:23:27,1.229,not used,J,C,06,M,06
126,JC06M06,10,2022-10-07 13:23:34,1.723,not used,J,C,06,M,06
127,JC06M06,11,2022-10-07 13:23:41,1.494,not used,J,C,06,M,06
128,JC06M06,12,2022-10-07 13:23:52,1.473,not used,J,C,06,M,06
129,JC06M06,13,2022-10-07 13:24:00,1.340,not used,J,C,06,M,06
130,JC06M06,14,2022-10-07 13:24:08,1.436,not used,J,C,06,M,06
131,JC06M06,15,2022-10-07 13:24:15,1.449,not used,J,C,06,M,06
132,JC06M06,16,2022-10-07 13:24:23,1.453,not used,J,C,06,M,06
133,JC06M06,17,2022-10-07 13:24:30,1.491,not used,J,C,06,M,06
134,JC06M06,18,2022-10-07 13:24:38,1.230,not used,J,C,06,M,06
135,JC06M06,19,2022-10-07 13:24:51,1.577,not used,J,C,06,M,06
136,JC06M06,20,2022-10-07 13:24:59,1.412,not used,J,C,06,M,06
145,JC06M07,1,2022-10-07 13:25:39,1.424,not used,J,C,06,M,07
146,JC06M07,2,2022-10-07 13:25:47,1.434,not used,J,C,06,M,07
147,JC06M07,3,2022-10-07 13:26:00,1.358,not used,J,C,06,M,07
148,JC06M07,4,2022-10-07 13:26:16,1.404,not used,J,C,06,M,07
149,JC06M07,5,2022-10-07 13:26:24,1.411,not used,J,C,06,M,07
150,JC06M07,6,2022-10-07 13:26:31,1.333,not used,J,C,06,M,07
151,JC06M07,7,2022-10-07 13:26:38,1.372,not used,J,C,06,M,07
152,JC06M07,8,2022-10-07 13:26:45,1.397,not used,J,C,06,M,07
153,JC06M07,9,2022-10-07 13:26:53,1.601,not used,J,C,06,M,07
154,JC06M07,10,2022-10-07 13:27:00,1.531,not used,J,C,06,M,07
155,JC06M07,11,2022-10-07 13:27:07,1.513,not used,J,C,06,M,07
156,JC06M07,12,2022-10-07 13:27:15,1.339,not used,J,C,06,M,07
157,JC06M07,13,2022-10-07 13:27:23,1.322,not used,J,C,06,M,07
158,JC06M07,14,2022-10-07 13:27:30,1.275,not used,J,C,06,M,07
159,JC06M07,15,2022-10-07 13:27:37,1.509,not used,J,C,06,M,07
160,JC06M07,16,2022-10-07 13:27:43,1.310,not used,J,C,06,M,07
161,JC06M07,17,2022-10-07 13:27:52,1.302,not used,J,C,06,M,07
162,JC06M07,18,2022-10-07 13:28:01,1.271,not used,J,C,06,M,07
163,JC06M07,19,2022-10-07 13:28:08,1.432,not used,J,C,06,M,07
164,JC06M07,20,2022-10-07 13:28:16,1.404,not used,J,C,06,M,07
173,JC06F13,1,2022-10-07 13:29:48,0.872,not used,J,C,06,F,13
174,JC06F13,2,2022-10-07 13:29:55,0.855,not used,J,C,06,F,13
175,JC06F13,3,2022-10-07 13:30:03,0.994,not used,J,C,06,F,13
176,JC06F13,4,2022-10-07 13:30:11,0.820,not used,J,C,06,F,13
177,JC06F13,5,2022-10-07 13:30:18,0.902,not used,J,C,06,F,13
178,JC06F13,6,2022-10-07 13:30:24,1.103,not used,J,C,06,F,13
179,JC06F13,7,2022-10-07 13:30:36,1.008,not used,J,C,06,F,13
180,JC06F13,8,2022-10-07 13:30:45,0.892,not used,J,C,06,F,13
181,JC06F13,9,2022-10-07 13:30:53,0.965,not used,J,C,06,F,13
182,JC06F13,10,2022-10-07 13:31:01,0.843,not used,J,C,06,F,13
183,JC06F13,11,2022-10-07 13:31:09,1.019,not used,J,C,06,F,13
184,JC06F13,12,2022-10-07 13:31:16,0.888,not used,J,C,06,F,13
185,JC06F13,13,2022-10-07 13:31:23,0.932,not used,J,C,06,F,13
186,JC06F13,14,2022-10-07 13:31:32,0.995,not used,J,C,06,F,13
187,JC06F13,15,2022-10-07 13:31:39,0.895,not used,J,C,06,F,13
188,JC06F13,16,2022-10-07 13:31:47,0.939,not used,J,C,06,F,13
189,JC06F13,17,2022-10-07 13:31:55,0.878,not used,J,C,06,F,13
190,JC06F13,18,2022-10-07 13:32:02,0.988,not used,J,C,06,F,13
191,JC06F13,19,2022-10-07 13:32:09,0.998,not used,J,C,06,F,13
192,JC06F13,20,2022-10-07 13:32:17,1.032,not used,J,C,06,F,13
193,JC06F13,21,2022-10-07 13:32:25,1.039,not used,J,C,06,F,13
194,JC06F13,22,2022-10-07 13:32:31,0.981,not used,J,C,06,F,13
195,JC06F13,23,2022-10-07 13:32:39,0.985,not used,J,C,06,F,13
196,JC06F13,24,2022-10-07 13:32:45,0.961,not used,J,C,06,F,13
197,JC06F13,25,2022-10-07 13:32:51,0.938,not used,J,C,06,F,13
198,JC06F13,26,2022-10-07 13:33:03,0.919,not used,J,C,06,F,13
199,JC06F13,27,2022-10-07 13:33:12,0.762,not used,J,C,06,F,13
200,JC06F13,28,2022-10-07 13:33:19,0.884,not used,J,C,06,F,13
201,JC06F13,29,2022-10-07 13:33:27,0.908,not used,J,C,06,F,13
202,JC06F13,30,2022-10-07 13:33:34,0.774,not used,J,C,06,F,13
203,JC06F13,31,2022-10-07 13:33:42,0.949,not used,J,C,06,F,13
204,JC06F13,32,2022-10-07 13:33:49,0.855,not used,J,C,06,F,13
205,JC06F13,33,2022-10-07 13:33:56,0.901,not used,J,C,06,F,13
206,JC06F13,34,2022-10-07 13:34:02,1.033,not used,J,C,06,F,13
207,JC06F13,35,2022-10-07 13:34:09,0.798,not used,J,C,06,F,13
208,JC06F13,36,2022-10-07 13:34:15,0.965,not used,J,C,06,F,13
209,JC06F13,37,2022-10-07 13:34:21,1.076,not used,J,C,06,F,13
210,JC06F13,38,2022-10-07 13:34:27,0.847,not used,J,C,06,F,13
211,JC06F13,39,2022-10-07 13:34:34,0.955,not used,J,C,06,F,13
212,JC06F13,40,2022-10-07 13:34:44,0.893,not used,J,C,06,F,13
213,JC06F13,41,2022-10-07 13:34:50,0.922,not used,J,C,06,F,13
214,JC06F13,42,2022-10-07 13:34:59,1.151,not used,J,C,06,F,13
215,JC06F13,43,2022-10-07 13:35:11,0.955,not used,J,C,06,F,13
216,JC06F13,44,2022-10-07 13:35:18,0.870,not used,J,C,06,F,13
217,JC06F13,45,2022-10-07 13:35:25,0.781,not used,J,C,06,F,13
218,JC06F13,46,2022-10-07 13:35:33,0.858,not used,J,C,06,F,13
219,JC06F13,47,2022-10-07 13:35:39,1.114,not used,J,C,06,F,13
220,JC06F13,48,2022-10-07 13:35:45,0.893,not used,J,C,06,F,13
221,JC06F13,49,2022-10-07 13:35:52,0.863,not used,J,C,06,F,13
222,JC06F13,50,2022-10-07 13:36:00,0.891,not used,J,C,06,F,13
223,JC06F13,51,2022-10-07 13:36:07,0.990,not used,J,C,06,F,13
224,JC06F13,52,2022-10-07 13:36:14,1.072,not used,J,C,06,F,13
225,JC06F13,53,2022-10-07 13:36:23,0.952,not used,J,C,06,F,13
226,JC06F13,54,2022-10-07 13:36:30,0.883,not used,J,C,06,F,13
227,JC06F13,55,2022-10-07 13:36:38,0.949,not used,J,C,06,F,13
228,JC06F13,56,2022-10-07 13:36:44,0.956,not used,J,C,06,F,13
229,JC06F13,57,2022-10-07 13:36:50,0.877,not used,J,C,06,F,13
230,JC06F13,58,2022-10-07 13:36:56,1.006,not used,J,C,06,F,13
231,JC06F13,59,2022-10-07 13:37:03,1.021,not used,J,C,06,F,13
232,JC06F13,60,2022-10-07 13:37:09,0.894,not used,J,C,06,F,13
233,JC06F13,61,2022-10-07 13:37:15,0.943,not used,J,C,06,F,13
234,JC06F13,62,2022-10-07 13:37:21,0.991,not used,J,C,06,F,13
235,JC06F13,63,2022-10-07 13:37:29,0.807,not used,J,C,06,F,13
244,JC06F14,1,2022-10-07 13:39:34,0.892,not used,J,C,06,F,14
245,JC06F14,2,2022-10-07 13:39:46,0.944,not used,J,C,06,F,14
246,JC06F14,3,2022-10-07 13:39:57,0.969,not used,J,C,06,F,14
247,JC06F14,4,2022-10-07 13:40:02,0.880,not used,J,C,06,F,14
248,JC06F14,5,2022-10-07 13:40:09,0.932,not used,J,C,06,F,14
249,JC06F14,6,2022-10-07 13:40:15,0.809,not used,J,C,06,F,14
250,JC06F14,7,2022-10-07 13:40:21,0.860,not used,J,C,06,F,14
251,JC06F14,8,2022-10-07 13:40:28,1.025,not used,J,C,06,F,14
252,JC06F14,9,2022-10-07 13:40:34,0.928,not used,J,C,06,F,14
253,JC06F14,10,2022-10-07 13:40:45,0.996,not used,J,C,06,F,14
254,JC06F14,11,2022-10-07 13:40:53,0.963,not used,J,C,06,F,14
255,JC06F14,12,2022-10-07 13:40:59,1.045,not used,J,C,06,F,14
256,JC06F14,13,2022-10-07 13:41:06,0.883,not used,J,C,06,F,14
257,JC06F14,14,2022-10-07 13:41:13,0.852,not used,J,C,06,F,14
258,JC06F14,15,2022-10-07 13:41:19,0.949,not used,J,C,06,F,14
259,JC06F14,16,2022-10-07 13:41:28,1.087,not used,J,C,06,F,14
260,JC06F14,17,2022-10-07 13:41:34,1.051,not used,J,C,06,F,14
261,JC06F14,18,2022-10-07 13:41:41,1.035,not used,J,C,06,F,14
262,JC06F14,19,2022-10-07 13:41:49,0.970,not used,J,C,06,F,14
263,JC06F14,20,2022-10-07 13:41:54,0.837,not used,J,C,06,F,14
264,JC06F14,21,2022-10-07 13:42:01,0.776,not used,J,C,06,F,14
265,JC06F14,22,2022-10-07 13:42:09,0.949,not used,J,C,06,F,14
266,JC06F14,23,2022-10-07 13:42:17,0.891,not used,J,C,06,F,14
267,JC06F14,24,2022-10-07 13:42:24,0.947,not used,J,C,06,F,14
268,JC06F14,25,2022-10-07 13:42:31,0.962,not used,J,C,06,F,14
269,JC06F14,26,2022-10-07 13:42:38,1.021,not used,J,C,06,F,14
270,JC06F14,27,2022-10-07 13:42:45,0.824,not used,J,C,06,F,14
271,JC06F14,28,2022-10-07 13:42:52,0.822,not used,J,C,06,F,14
272,JC06F14,29,2022-10-07 13:43:00,0.950,not used,J,C,06,F,14
273,JC06F14,30,2022-10-07 13:43:07,1.036,not used,J,C,06,F,14
274,JC06F14,31,2022-10-07 13:43:14,0.926,not used,J,C,06,F,14
275,JC06F14,32,2022-10-07 13:43:21,0.939,not used,J,C,06,F,14
276,JC06F14,33,2022-10-07 13:43:31,1.021,not used,J,C,06,F,14
277,JC06F14,34,2022-10-07 13:43:46,0.910,not used,J,C,06,F,14
278,JC06F14,35,2022-10-07 13:43:54,0.938,not used,J,C,06,F,14
279,JC06F14,36,2022-10-07 13:44:01,0.874,not used,J,C,06,F,14
280,JC06F14,37,2022-10-07 13:44:10,1.053,not used,J,C,06,F,14
281,JC06F14,38,2022-10-07 13:44:17,1.045,not used,J,C,06,F,14
282,JC06F14,39,2022-10-07 13:44:24,0.948,not used,J,C,06,F,14
283,JC06F14,40,2022-10-07 13:44:32,0.800,not used,J,C,06,F,14
284,JC06F14,41,2022-10-07 13:44:40,0.845,not used,J,C,06,F,14
285,JC06F14,42,2022-10-07 13:44:46,0.847,not used,J,C,06,F,14
286,JC06F14,43,2022-10-07 13:44:53,0.949,not used,J,C,06,F,14
287,JC06F14,44,2022-10-07 13:45:01,0.960,not used,J,C,06,F,14
288,JC06F14,45,2022-10-07 13:45:07,0.979,not used,J,C,06,F,14
289,JC06F14,46,2022-10-07 13:45:14,1.076,not used,J,C,06,F,14
290,JC06F14,47,2022-10-07 13:45:20,0.983,not used,J,C,06,F,14
291,JC06F14,48,2022-10-07 13:45:27,0.960,not used,J,C,06,F,14
292,JC06F14,49,2022-10-07 13:45:35,1.015,not used,J,C,06,F,14
293,JC06F14,50,2022-10-07 13:45:43,0.893,not used,J,C,06,F,14
294,JC06F14,51,2022-10-07 13:45:50,0.873,not used,J,C,06,F,14
295,JC06F14,52,2022-10-07 13:45:58,1.003,not used,J,C,06,F,14
296,JC06F14,53,2022-10-07 13:46:06,0.949,not used,J,C,06,F,14
297,JC06F14,54,2022-10-07 13:46:14,0.991,not used,J,C,06,F,14
298,JC06F14,55,2022-10-07 13:46:22,0.914,not used,J,C,06,F,14
299,JC06F14,56,2022-10-07 13:46:30,0.936,not used,J,C,06,F,14
300,JC06F14,57,2022-10-07 13:46:39,0.907,not used,J,C,06,F,14
301,JC06F14,58,2022-10-07 13:46:48,1.006,not used,J,C,06,F,14
302,JC06F14,59,2022-10-07 13:46:55,1.124,not used,J,C,06,F,14
303,JC06F14,60,2022-10-07 13:47:02,0.921,not used,J,C,06,F,14
312,JC06F15,1,2022-10-07 13:49:50,0.994,not used,J,C,06,F,15
313,JC06F15,2,2022-10-07 13:50:00,0.876,not used,J,C,06,F,15
314,JC06F15,3,2022-10-07 13:50:07,0.990,not used,J,C,06,F,15
315,JC06F15,4,2022-10-07 13:50:14,1.023,not used,J,C,06,F,15
316,JC06F15,5,2022-10-07 13:50:23,0.977,not used,J,C,06,F,15
317,JC06F15,6,2022-10-07 13:50:29,1.123,not used,J,C,06,F,15
318,JC06F15,7,2022-10-07 13:50:41,0.899,not used,J,C,06,F,15
319,JC06F15,8,2022-10-07 13:50:48,1.002,not used,J,C,06,F,15
320,JC06F15,9,2022-10-07 13:50:58,0.915,not used,J,C,06,F,15
321,JC06F15,10,2022-10-07 13:51:07,1.021,not used,J,C,06,F,15
322,JC06F15,11,2022-10-07 13:51:21,0.901,not used,J,C,06,F,15
323,JC06F15,12,2022-10-07 13:51:28,1.062,not used,J,C,06,F,15
324,JC06F15,13,2022-10-07 13:51:33,0.853,not used,J,C,06,F,15
325,JC06F15,14,2022-10-07 13:51:39,0.857,not used,J,C,06,F,15
326,JC06F15,15,2022-10-07 13:51:46,1.010,not used,J,C,06,F,15
327,JC06F15,16,2022-10-07 13:51:53,0.959,not used,J,C,06,F,15
328,JC06F15,17,2022-10-07 13:51:59,0.949,not used,J,C,06,F,15
329,JC06F15,18,2022-10-07 13:52:05,0.961,not used,J,C,06,F,15
330,JC06F15,19,2022-10-07 13:52:13,1.003,not used,J,C,06,F,15
331,JC06F15,20,2022-10-07 13:52:20,0.901,not used,J,C,06,F,15
332,JC06F15,21,2022-10-07 13:52:28,0.850,not used,J,C,06,F,15
333,JC06F15,22,2022-10-07 13:52:35,0.974,not used,J,C,06,F,15
334,JC06F15,23,2022-10-07 13:52:43,0.964,not used,J,C,06,F,15
335,JC06F15,24,2022-10-07 13:52:51,0.916,not used,J,C,06,F,15
336,JC06F15,25,2022-10-07 13:52:58,0.917,not used,J,C,06,F,15
337,JC06F15,26,2022-10-07 13:53:07,0.924,not used,J,C,06,F,15
338,JC06F15,27,2022-10-07 13:53:14,0.890,not used,J,C,06,F,15
339,JC06F15,28,2022-10-07 13:53:21,0.971,not used,J,C,06,F,15
340,JC06F15,29,2022-10-07 13:53:28,0.972,not used,J,C,06,F,15
341,JC06F15,30,2022-10-07 13:53:37,0.877,not used,J,C,06,F,15
342,JC06F15,31,2022-10-07 13:53:43,1.006,not used,J,C,06,F,15
343,JC06F15,32,2022-10-07 13:53:50,1.212,not used,J,C,06,F,15
344,JC06F15,33,2022-10-07 13:53:57,0.890,not used,J,C,06,F,15
345,JC06F15,34,2022-10-07 13:54:04,0.968,not used,J,C,06,F,15
346,JC06F15,35,2022-10-07 13:54:10,1.037,not used,J,C,06,F,15
347,JC06F15,36,2022-10-07 13:54:18,0.951,not used,J,C,06,F,15
348,JC06F15,37,2022-10-07 13:54:25,1.040,not used,J,C,06,F,15
349,JC06F15,38,2022-10-07 13:54:32,1.101,not used,J,C,06,F,15
350,JC06F15,39,2022-10-07 13:54:40,1.024,not used,J,C,06,F,15
351,JC06F15,40,2022-10-07 13:54:48,0.977,not used,J,C,06,F,15
352,JC06F15,41,2022-10-07 13:54:56,1.098,not used,J,C,06,F,15
353,JC06F15,42,2022-10-07 13:55:04,0.948,not used,J,C,06,F,15
354,JC06F15,43,2022-10-07 13:55:10,0.938,not used,J,C,06,F,15
355,JC06F15,44,2022-10-07 13:55:18,1.000,not used,J,C,06,F,15
356,JC06F15,45,2022-10-07 13:55:24,0.940,not used,J,C,06,F,15
357,JC06F15,46,2022-10-07 13:55:31,0.897,not used,J,C,06,F,15
358,JC06F15,47,2022-10-07 13:55:38,0.946,not used,J,C,06,F,15
359,JC06F15,48,2022-10-07 13:55:44,0.896,not used,J,C,06,F,15
360,JC06F15,49,2022-10-07 13:55:52,1.011,not used,J,C,06,F,15
361,JC06F15,50,2022-10-07 13:55:59,0.795,not used,J,C,06,F,15
362,JC06F15,51,2022-10-07 13:56:06,0.928,not used,J,C,06,F,15
363,JC06F15,52,2022-10-07 13:56:16,0.920,not used,J,C,06,F,15
364,JC06F15,53,2022-10-07 13:56:23,1.031,not used,J,C,06,F,15
365,JC06F15,54,2022-10-07 13:56:29,1.004,not used,J,C,06,F,15
366,JC06F15,55,2022-10-07 13:56:36,0.924,not used,J,C,06,F,15
367,JC06F15,56,2022-10-07 13:56:43,0.924,not used,J,C,06,F,15
368,JC06F15,57,2022-10-07 13:56:49,1.022,not used,J,C,06,F,15
369,JC06F15,58,2022-10-07 13:56:55,0.858,not used,J,C,06,F,15
370,JC06F15,59,2022-10-07 13:57:02,0.936,not used,J,C,06,F,15
371,JC06F15,60,2022-10-07 13:57:08,0.903,not used,J,C,06,F,15
380,JC06F16,1,2022-10-07 13:59:37,0.879,not used,J,C,06,F,16
381,JC06F16,2,2022-10-07 13:59:44,0.879,not used,J,C,06,F,16
382,JC06F16,3,2022-10-07 13:59:51,0.924,not used,J,C,06,F,16
383,JC06F16,4,2022-10-07 14:00:03,0.907,not used,J,C,06,F,16
384,JC06F16,5,2022-10-07 14:00:11,0.977,not used,J,C,06,F,16
385,JC06F16,6,2022-10-07 14:00:22,0.935,not used,J,C,06,F,16
386,JC06F16,7,2022-10-07 14:00:29,0.944,not used,J,C,06,F,16
387,JC06F16,8,2022-10-07 14:00:36,0.907,not used,J,C,06,F,16
388,JC06F16,9,2022-10-07 14:00:43,1.055,not used,J,C,06,F,16
389,JC06F16,10,2022-10-07 14:00:50,0.939,not used,J,C,06,F,16
390,JC06F16,11,2022-10-07 14:00:56,0.947,not used,J,C,06,F,16
391,JC06F16,12,2022-10-07 14:01:03,1.060,not used,J,C,06,F,16
392,JC06F16,13,2022-10-07 14:01:10,0.936,not used,J,C,06,F,16
393,JC06F16,14,2022-10-07 14:01:16,1.003,not used,J,C,06,F,16
394,JC06F16,15,2022-10-07 14:01:22,0.814,not used,J,C,06,F,16
395,JC06F16,16,2022-10-07 14:01:29,0.917,not used,J,C,06,F,16
396,JC06F16,17,2022-10-07 14:01:36,1.022,not used,J,C,06,F,16
397,JC06F16,18,2022-10-07 14:01:43,1.032,not used,J,C,06,F,16
398,JC06F16,19,2022-10-07 14:01:50,0.937,not used,J,C,06,F,16
399,JC06F16,20,2022-10-07 14:01:57,1.039,not used,J,C,06,F,16
400,JC06F16,21,2022-10-07 14:02:04,0.980,not used,J,C,06,F,16
401,JC06F16,22,2022-10-07 14:02:11,0.870,not used,J,C,06,F,16
402,JC06F16,23,2022-10-07 14:02:18,0.837,not used,J,C,06,F,16
403,JC06F16,24,2022-10-07 14:02:25,0.822,not used,J,C,06,F,16
404,JC06F16,25,2022-10-07 14:02:32,0.917,not used,J,C,06,F,16
405,JC06F16,26,2022-10-07 14:02:40,1.029,not used,J,C,06,F,16
406,JC06F16,27,2022-10-07 14:02:55,1.128,not used,J,C,06,F,16
407,JC06F16,28,2022-10-07 14:03:02,0.899,not used,J,C,06,F,16
408,JC06F16,29,2022-10-07 14:03:09,0.931,not used,J,C,06,F,16
409,JC06F16,30,2022-10-07 14:03:16,0.983,not used,J,C,06,F,16
410,JC06F16,31,2022-10-07 14:03:23,0.859,not used,J,C,06,F,16
411,JC06F16,32,2022-10-07 14:03:30,1.031,not used,J,C,06,F,16
412,JC06F16,33,2022-10-07 14:03:37,0.935,not used,J,C,06,F,16
413,JC06F16,34,2022-10-07 14:03:44,0.912,not used,J,C,06,F,16
414,JC06F16,35,2022-10-07 14:03:51,0.935,not used,J,C,06,F,16
415,JC06F16,36,2022-10-07 14:03:58,0.862,not used,J,C,06,F,16
416,JC06F16,37,2022-10-07 14:04:05,0.971,not used,J,C,06,F,16
417,JC06F16,38,2022-10-07 14:04:12,0.843,not used,J,C,06,F,16
418,JC06F16,39,2022-10-07 14:04:20,0.880,not used,J,C,06,F,16
419,JC06F16,40,2022-10-07 14:04:27,0.992,not used,J,C,06,F,16
420,JC06F16,41,2022-10-07 14:04:34,0.900,not used,J,C,06,F,16
421,JC06F16,42,2022-10-07 14:04:41,0.881,not used,J,C,06,F,16
422,JC06F16,43,2022-10-07 14:04:47,1.033,not used,J,C,06,F,16
423,JC06F16,44,2022-10-07 14:04:55,0.891,not used,J,C,06,F,16
424,JC06F16,45,2022-10-07 14:05:01,0.908,not used,J,C,06,F,16
425,JC06F16,46,2022-10-07 14:05:11,1.021,not used,J,C,06,F,16
426,JC06F16,47,2022-10-07 14:05:21,0.931,not used,J,C,06,F,16
427,JC06F16,48,2022-10-07 14:05:27,0.842,not used,J,C,06,F,16
428,JC06F16,49,2022-10-07 14:05:33,0.906,not used,J,C,06,F,16
429,JC06F16,50,2022-10-07 14:05:44,0.919,not used,J,C,06,F,16
430,JC06F16,51,2022-10-07 14:05:51,0.898,not used,J,C,06,F,16
431,JC06F16,52,2022-10-07 14:05:59,1.031,not used,J,C,06,F,16
432,JC06F16,53,2022-10-07 14:06:06,0.966,not used,J,C,06,F,16
433,JC06F16,54,2022-10-07 14:06:13,0.791,not used,J,C,06,F,16
434,JC06F16,55,2022-10-07 14:06:19,0.924,not used,J,C,06,F,16
435,JC06F16,56,2022-10-07 14:06:26,0.929,not used,J,C,06,F,16
436,JC06F16,57,2022-10-07 14:06:32,0.870,not used,J,C,06,F,16
437,JC06F16,58,2022-10-07 14:06:39,0.839,not used,J,C,06,F,16
438,JC06F16,59,2022-10-07 14:06:47,0.928,not used,J,C,06,F,16
439,JC06F16,60,2022-10-07 14:06:53,0.884,not used,J,C,06,F,16
448,JC06F12,1,2022-10-07 14:09:37,0.910,not used,J,C,06,F,12
449,JC06F12,2,2022-10-07 14:09:45,0.988,not used,J,C,06,F,12
450,JC06F12,3,2022-10-07 14:09:51,0.838,not used,J,C,06,F,12
451,JC06F12,4,2022-10-07 14:09:58,0.912,not used,J,C,06,F,12
452,JC06F12,5,2022-10-07 14:10:05,0.908,not used,J,C,06,F,12
453,JC06F12,6,2022-10-07 14:10:11,0.910,not used,J,C,06,F,12
454,JC06F12,7,2022-10-07 14:10:19,0.950,not used,J,C,06,F,12
455,JC06F12,8,2022-10-07 14:10:26,0.957,not used,J,C,06,F,12
456,JC06F12,9,2022-10-07 14:10:33,0.910,not used,J,C,06,F,12
457,JC06F12,10,2022-10-07 14:10:40,0.935,not used,J,C,06,F,12
458,JC06F12,11,2022-10-07 14:10:50,0.966,not used,J,C,06,F,12
459,JC06F12,12,2022-10-07 14:10:57,1.006,not used,J,C,06,F,12
460,JC06F12,13,2022-10-07 14:11:03,0.885,not used,J,C,06,F,12
461,JC06F12,14,2022-10-07 14:11:09,0.770,not used,J,C,06,F,12
462,JC06F12,15,2022-10-07 14:11:16,1.024,not used,J,C,06,F,12
463,JC06F12,16,2022-10-07 14:11:22,1.003,not used,J,C,06,F,12
464,JC06F12,17,2022-10-07 14:11:28,0.871,not used,J,C,06,F,12
465,JC06F12,18,2022-10-07 14:11:35,0.860,not used,J,C,06,F,12
466,JC06F12,19,2022-10-07 14:11:42,0.930,not used,J,C,06,F,12
467,JC06F12,20,2022-10-07 14:11:49,0.936,not used,J,C,06,F,12
468,JC06F12,21,2022-10-07 14:11:56,1.057,not used,J,C,06,F,12
469,JC06F12,22,2022-10-07 14:12:03,0.830,not used,J,C,06,F,12
470,JC06F12,23,2022-10-07 14:12:10,1.014,not used,J,C,06,F,12
471,JC06F12,24,2022-10-07 14:12:17,0.818,not used,J,C,06,F,12
472,JC06F12,25,2022-10-07 14:12:23,0.882,not used,J,C,06,F,12
473,JC06F12,26,2022-10-07 14:12:30,0.846,not used,J,C,06,F,12
474,JC06F12,27,2022-10-07 14:12:39,0.965,not used,J,C,06,F,12
475,JC06F12,28,2022-10-07 14:12:46,1.061,not used,J,C,06,F,12
476,JC06F12,29,2022-10-07 14:12:54,0.801,not used,J,C,06,F,12
477,JC06F12,30,2022-10-07 14:13:01,0.834,not used,J,C,06,F,12
478,JC06F12,31,2022-10-07 14:13:08,1.020,not used,J,C,06,F,12
479,JC06F12,32,2022-10-07 14:13:15,0.957,not used,J,C,06,F,12
480,JC06F12,33,2022-10-07 14:13:22,0.961,not used,J,C,06,F,12
481,JC06F12,34,2022-10-07 14:13:30,0.989,not used,J,C,06,F,12
482,JC06F12,35,2022-10-07 14:13:36,1.130,not used,J,C,06,F,12
483,JC06F12,36,2022-10-07 14:13:43,1.001,not used,J,C,06,F,12
484,JC06F12,37,2022-10-07 14:13:50,0.793,not used,J,C,06,F,12
485,JC06F12,38,2022-10-07 14:13:57,1.101,not used,J,C,06,F,12
486,JC06F12,39,2022-10-07 14:14:04,0.842,not used,J,C,06,F,12
487,JC06F12,40,2022-10-07 14:14:11,0.868,not used,J,C,06,F,12
488,JC06F12,41,2022-10-07 14:14:19,0.929,not used,J,C,06,F,12
489,JC06F12,42,2022-10-07 14:14:26,0.856,not used,J,C,06,F,12
490,JC06F12,43,2022-10-07 14:14:32,0.912,not used,J,C,06,F,12
491,JC06F12,44,2022-10-07 14:14:39,0.869,not used,J,C,06,F,12
492,JC06F12,45,2022-10-07 14:14:46,0.930,not used,J,C,06,F,12
493,JC06F12,46,2022-10-07 14:14:53,1.027,not used,J,C,06,F,12
494,JC06F12,47,2022-10-07 14:15:00,0.941,not used,J,C,06,F,12
495,JC06F12,48,2022-10-07 14:15:08,0.989,not used,J,C,06,F,12
496,JC06F12,49,2022-10-07 14:15:14,0.996,not used,J,C,06,F,12
497,JC06F12,50,2022-10-07 14:15:22,0.903,not used,J,C,06,F,12
498,JC06F12,51,2022-10-07 14:15:29,0.916,not used,J,C,06,F,12
499,JC06F12,52,2022-10-07 14:15:36,0.842,not used,J,C,06,F,12
500,JC06F12,53,2022-10-07 14:15:44,0.854,not used,J,C,06,F,12
501,JC06F12,54,2022-10-07 14:15:50,0.883,not used,J,C,06,F,12
502,JC06F12,55,2022-10-07 14:15:57,0.958,not used,J,C,06,F,12
503,JC06F12,56,2022-10-07 14:16:03,1.053,not used,J,C,06,F,12
504,JC06F12,57,2022-10-07 14:16:10,0.843,not used,J,C,06,F,12
505,JC06F12,58,2022-10-07 14:16:17,0.861,not used,J,C,06,F,12
506,JC06F12,59,2022-10-07 14:16:28,1.002,not used,J,C,06,F,12
507,JC06F12,60,2022-10-07 14:16:34,0.920,not used,J,C,06,F,12
516,JC06F11,1,2022-10-07 14:18:39,1.003,not used,J,C,06,F,11
517,JC06F11,2,2022-10-07 14:18:51,0.967,not used,J,C,06,F,11
518,JC06F11,3,2022-10-07 14:18:57,0.874,not used,J,C,06,F,11
519,JC06F11,4,2022-10-07 14:19:04,0.956,not used,J,C,06,F,11
520,JC06F11,5,2022-10-07 14:19:12,0.886,not used,J,C,06,F,11
521,JC06F11,6,2022-10-07 14:19:18,0.848,not used,J,C,06,F,11
522,JC06F11,7,2022-10-07 14:19:24,0.903,not used,J,C,06,F,11
523,JC06F11,8,2022-10-07 14:19:31,0.918,not used,J,C,06,F,11
524,JC06F11,9,2022-10-07 14:19:37,0.989,not used,J,C,06,F,11
525,JC06F11,10,2022-10-07 14:19:47,0.860,not used,J,C,06,F,11
526,JC06F11,11,2022-10-07 14:19:54,1.004,not used,J,C,06,F,11
527,JC06F11,12,2022-10-07 14:20:00,0.947,not used,J,C,06,F,11
528,JC06F11,13,2022-10-07 14:20:10,0.886,not used,J,C,06,F,11
529,JC06F11,14,2022-10-07 14:20:19,0.892,not used,J,C,06,F,11
530,JC06F11,15,2022-10-07 14:20:26,0.926,not used,J,C,06,F,11
531,JC06F11,16,2022-10-07 14:20:33,0.885,not used,J,C,06,F,11
532,JC06F11,17,2022-10-07 14:20:40,0.716,not used,J,C,06,F,11
533,JC06F11,18,2022-10-07 14:20:47,0.921,not used,J,C,06,F,11
534,JC06F11,19,2022-10-07 14:20:55,0.860,not used,J,C,06,F,11
535,JC06F11,20,2022-10-07 14:21:01,0.905,not used,J,C,06,F,11
536,JC06F11,21,2022-10-07 14:21:09,1.049,not used,J,C,06,F,11
537,JC06F11,22,2022-10-07 14:21:16,0.876,not used,J,C,06,F,11
538,JC06F11,23,2022-10-07 14:21:23,0.915,not used,J,C,06,F,11
539,JC06F11,24,2022-10-07 14:21:30,0.928,not used,J,C,06,F,11
540,JC06F11,25,2022-10-07 14:21:36,1.045,not used,J,C,06,F,11
541,JC06F11,26,2022-10-07 14:21:44,1.037,not used,J,C,06,F,11
542,JC06F11,27,2022-10-07 14:21:51,0.853,not used,J,C,06,F,11
543,JC06F11,28,2022-10-07 14:21:57,0.774,not used,J,C,06,F,11
544,JC06F11,29,2022-10-07 14:22:04,0.928,not used,J,C,06,F,11
545,JC06F11,30,2022-10-07 14:22:10,1.064,not used,J,C,06,F,11
546,JC06F11,31,2022-10-07 14:22:16,0.902,not used,J,C,06,F,11
547,JC06F11,32,2022-10-07 14:22:23,1.120,not used,J,C,06,F,11
548,JC06F11,33,2022-10-07 14:22:30,0.932,not used,J,C,06,F,11
549,JC06F11,34,2022-10-07 14:22:37,0.990,not used,J,C,06,F,11
550,JC06F11,35,2022-10-07 14:22:45,1.019,not used,J,C,06,F,11
551,JC06F11,36,2022-10-07 14:22:51,0.864,not used,J,C,06,F,11
552,JC06F11,37,2022-10-07 14:22:58,0.866,not used,J,C,06,F,11
553,JC06F11,38,2022-10-07 14:23:05,0.952,not used,J,C,06,F,11
554,JC06F11,39,2022-10-07 14:23:18,0.922,not used,J,C,06,F,11
555,JC06F11,40,2022-10-07 14:23:25,1.058,not used,J,C,06,F,11
556,JC06F11,41,2022-10-07 14:23:33,0.954,not used,J,C,06,F,11
557,JC06F11,42,2022-10-07 14:23:40,0.861,not used,J,C,06,F,11
558,JC06F11,43,2022-10-07 14:23:48,1.049,not used,J,C,06,F,11
559,JC06F11,44,2022-10-07 14:23:54,0.826,not used,J,C,06,F,11
560,JC06F11,45,2022-10-07 14:24:02,0.819,not used,J,C,06,F,11
561,JC06F11,46,2022-10-07 14:24:10,0.932,not used,J,C,06,F,11
562,JC06F11,47,2022-10-07 14:24:17,0.918,not used,J,C,06,F,11
563,JC06F11,48,2022-10-07 14:24:24,0.897,not used,J,C,06,F,11
564,JC06F11,49,2022-10-07 14:24:31,0.908,not used,J,C,06,F,11
565,JC06F11,50,2022-10-07 14:24:37,0.924,not used,J,C,06,F,11
566,JC06F11,51,2022-10-07 14:24:45,0.932,not used,J,C,06,F,11
567,JC06F11,52,2022-10-07 14:24:51,0.872,not used,J,C,06,F,11
568,JC06F11,53,2022-10-07 14:24:59,0.958,not used,J,C,06,F,11
569,JC06F11,54,2022-10-07 14:25:07,0.967,not used,J,C,06,F,11
570,JC06F11,55,2022-10-07 14:25:13,0.977,not used,J,C,06,F,11
571,JC06F11,56,2022-10-07 14:25:20,0.938,not used,J,C,06,F,11
572,JC06F11,57,2022-10-07 14:25:28,0.882,not used,J,C,06,F,11
573,JC06F11,58,2022-10-07 14:25:34,0.871,not used,J,C,06,F,11
574,JC06F11,59,2022-10-07 14:25:40,0.940,not used,J,C,06,F,11
575,JC06F11,60,2022-10-07 14:25:47,0.998,not used,J,C,06,F,11
584,JC06F10,1,2022-10-07 14:28:34,0.874,not used,J,C,06,F,10
585,JC06F10,2,2022-10-07 14:28:41,1.146,not used,J,C,06,F,10
586,JC06F10,3,2022-10-07 14:28:48,1.033,not used,J,C,06,F,10
587,JC06F10,4,2022-10-07 14:28:55,0.921,not used,J,C,06,F,10
588,JC06F10,5,2022-10-07 14:29:02,0.891,not used,J,C,06,F,10
589,JC06F10,6,2022-10-07 14:29:12,1.017,not used,J,C,06,F,10
590,JC06F10,7,2022-10-07 14:29:19,0.897,not used,J,C,06,F,10
591,JC06F10,8,2022-10-07 14:29:34,0.836,not used,J,C,06,F,10
592,JC06F10,9,2022-10-07 14:29:41,0.909,not used,J,C,06,F,10
593,JC06F10,10,2022-10-07 14:29:50,0.844,not used,J,C,06,F,10
594,JC06F10,11,2022-10-07 14:29:56,0.858,not used,J,C,06,F,10
595,JC06F10,12,2022-10-07 14:30:03,1.034,not used,J,C,06,F,10
596,JC06F10,13,2022-10-07 14:30:09,1.051,not used,J,C,06,F,10
597,JC06F10,14,2022-10-07 14:30:16,0.943,not used,J,C,06,F,10
598,JC06F10,15,2022-10-07 14:30:22,0.941,not used,J,C,06,F,10
599,JC06F10,16,2022-10-07 14:30:29,1.029,not used,J,C,06,F,10
600,JC06F10,17,2022-10-07 14:30:36,0.938,not used,J,C,06,F,10
601,JC06F10,18,2022-10-07 14:30:42,0.829,not used,J,C,06,F,10
602,JC06F10,19,2022-10-07 14:30:50,0.953,not used,J,C,06,F,10
603,JC06F10,20,2022-10-07 14:30:57,1.038,not used,J,C,06,F,10
604,JC06F10,21,2022-10-07 14:31:10,0.893,not used,J,C,06,F,10
605,JC06F10,22,2022-10-07 14:31:17,1.140,not used,J,C,06,F,10
606,JC06F10,23,2022-10-07 14:31:23,0.912,not used,J,C,06,F,10
607,JC06F10,24,2022-10-07 14:31:30,0.950,not used,J,C,06,F,10
608,JC06F10,25,2022-10-07 14:31:38,0.894,not used,J,C,06,F,10
609,JC06F10,26,2022-10-07 14:31:44,1.048,not used,J,C,06,F,10
610,JC06F10,27,2022-10-07 14:31:51,0.907,not used,J,C,06,F,10
611,JC06F10,28,2022-10-07 14:31:57,0.974,not used,J,C,06,F,10
612,JC06F10,29,2022-10-07 14:32:04,1.006,not used,J,C,06,F,10
613,JC06F10,30,2022-10-07 14:32:10,0.927,not used,J,C,06,F,10
614,JC06F10,31,2022-10-07 14:32:16,0.954,not used,J,C,06,F,10
615,JC06F10,32,2022-10-07 14:32:27,0.862,not used,J,C,06,F,10
616,JC06F10,33,2022-10-07 14:32:34,0.928,not used,J,C,06,F,10
617,JC06F10,34,2022-10-07 14:32:40,0.887,not used,J,C,06,F,10
618,JC06F10,35,2022-10-07 14:32:47,0.892,not used,J,C,06,F,10
619,JC06F10,36,2022-10-07 14:32:58,0.935,not used,J,C,06,F,10
620,JC06F10,37,2022-10-07 14:33:05,0.934,not used,J,C,06,F,10
621,JC06F10,38,2022-10-07 14:33:12,0.915,not used,J,C,06,F,10
622,JC06F10,39,2022-10-07 14:33:19,0.947,not used,J,C,06,F,10
623,JC06F10,40,2022-10-07 14:33:26,0.881,not used,J,C,06,F,10
624,JC06F10,41,2022-10-07 14:33:32,0.813,not used,J,C,06,F,10
625,JC06F10,42,2022-10-07 14:33:38,0.959,not used,J,C,06,F,10
626,JC06F10,43,2022-10-07 14:33:45,1.070,not used,J,C,06,F,10
627,JC06F10,44,2022-10-07 14:33:52,0.955,not used,J,C,06,F,10
628,JC06F10,45,2022-10-07 14:33:58,0.926,not used,J,C,06,F,10
629,JC06F10,46,2022-10-07 14:34:06,1.123,not used,J,C,06,F,10
630,JC06F10,47,2022-10-07 14:34:12,0.902,not used,J,C,06,F,10
631,JC06F10,48,2022-10-07 14:34:20,0.989,not used,J,C,06,F,10
632,JC06F10,49,2022-10-07 14:34:26,0.884,not used,J,C,06,F,10
633,JC06F10,50,2022-10-07 14:34:32,0.926,not used,J,C,06,F,10
634,JC06F10,51,2022-10-07 14:34:39,0.920,not used,J,C,06,F,10
635,JC06F10,52,2022-10-07 14:34:46,0.928,not used,J,C,06,F,10
636,JC06F10,53,2022-10-07 14:34:52,1.001,not used,J,C,06,F,10
637,JC06F10,54,2022-10-07 14:35:00,0.946,not used,J,C,06,F,10
638,JC06F10,55,2022-10-07 14:35:06,0.937,not used,J,C,06,F,10
639,JC06F10,56,2022-10-07 14:35:13,0.972,not used,J,C,06,F,10
640,JC06F10,57,2022-10-07 14:35:21,0.994,not used,J,C,06,F,10
641,JC06F10,58,2022-10-07 14:35:28,0.886,not used,J,C,06,F,10
642,JC06F10,59,2022-10-07 14:35:35,0.941,not used,J,C,06,F,10
643,JC06F10,60,2022-10-07 14:35:41,1.055,not used,J,C,06,F,10
652,JC06F09,1,2022-10-07 14:38:53,0.950,not used,J,C,06,F,09
653,JC06F09,2,2022-10-07 14:39:06,1.091,not used,J,C,06,F,09
654,JC06F09,3,2022-10-07 14:39:14,1.068,not used,J,C,06,F,09
655,JC06F09,4,2022-10-07 14:39:27,0.968,not used,J,C,06,F,09
656,JC06F09,5,2022-10-07 14:39:34,0.944,not used,J,C,06,F,09
657,JC06F09,6,2022-10-07 14:39:42,1.090,not used,J,C,06,F,09
658,JC06F09,7,2022-10-07 14:39:48,1.130,not used,J,C,06,F,09
659,JC06F09,8,2022-10-07 14:39:55,1.045,not used,J,C,06,F,09
660,JC06F09,9,2022-10-07 14:40:02,1.024,not used,J,C,06,F,09
661,JC06F09,10,2022-10-07 14:40:08,1.004,not used,J,C,06,F,09
662,JC06F09,11,2022-10-07 14:40:15,0.954,not used,J,C,06,F,09
663,JC06F09,12,2022-10-07 14:40:21,1.007,not used,J,C,06,F,09
664,JC06F09,13,2022-10-07 14:40:29,0.966,not used,J,C,06,F,09
665,JC06F09,14,2022-10-07 14:40:36,1.153,not used,J,C,06,F,09
666,JC06F09,15,2022-10-07 14:40:43,0.935,not used,J,C,06,F,09
667,JC06F09,16,2022-10-07 14:40:50,0.968,not used,J,C,06,F,09
668,JC06F09,17,2022-10-07 14:40:57,1.012,not used,J,C,06,F,09
669,JC06F09,18,2022-10-07 14:41:04,0.992,not used,J,C,06,F,09
670,JC06F09,19,2022-10-07 14:41:11,0.957,not used,J,C,06,F,09
671,JC06F09,20,2022-10-07 14:41:18,0.880,not used,J,C,06,F,09
672,JC06F09,21,2022-10-07 14:41:25,0.989,not used,J,C,06,F,09
673,JC06F09,22,2022-10-07 14:41:35,1.062,not used,J,C,06,F,09
674,JC06F09,23,2022-10-07 14:41:43,0.990,not used,J,C,06,F,09
675,JC06F09,24,2022-10-07 14:41:49,0.998,not used,J,C,06,F,09
676,JC06F09,25,2022-10-07 14:41:57,1.119,not used,J,C,06,F,09
677,JC06F09,26,2022-10-07 14:42:04,0.972,not used,J,C,06,F,09
678,JC06F09,27,2022-10-07 14:42:12,0.911,not used,J,C,06,F,09
679,JC06F09,28,2022-10-07 14:42:19,1.092,not used,J,C,06,F,09
680,JC06F09,29,2022-10-07 14:42:26,1.072,not used,J,C,06,F,09
681,JC06F09,30,2022-10-07 14:42:44,1.005,not used,J,C,06,F,09
682,JC06F09,31,2022-10-07 14:42:51,0.973,not used,J,C,06,F,09
683,JC06F09,32,2022-10-07 14:42:58,0.846,not used,J,C,06,F,09
684,JC06F09,33,2022-10-07 14:43:06,1.018,not used,J,C,06,F,09
685,JC06F09,34,2022-10-07 14:43:13,0.867,not used,J,C,06,F,09
686,JC06F09,35,2022-10-07 14:43:21,0.927,not used,J,C,06,F,09
687,JC06F09,36,2022-10-07 14:43:28,0.907,not used,J,C,06,F,09
688,JC06F09,37,2022-10-07 14:43:35,0.965,not used,J,C,06,F,09
689,JC06F09,38,2022-10-07 14:43:42,0.944,not used,J,C,06,F,09
690,JC06F09,39,2022-10-07 14:43:49,1.007,not used,J,C,06,F,09
691,JC06F09,40,2022-10-07 14:43:56,0.972,not used,J,C,06,F,09
692,JC06F09,41,2022-10-07 14:44:03,0.844,not used,J,C,06,F,09
693,JC06F09,42,2022-10-07 14:44:10,1.025,not used,J,C,06,F,09
694,JC06F09,43,2022-10-07 14:44:18,1.028,not used,J,C,06,F,09
695,JC06F09,44,2022-10-07 14:44:25,0.959,not used,J,C,06,F,09
696,JC06F09,45,2022-10-07 14:44:31,0.848,not used,J,C,06,F,09
697,JC06F09,46,2022-10-07 14:44:39,1.071,not used,J,C,06,F,09
698,JC06F09,47,2022-10-07 14:44:46,1.017,not used,J,C,06,F,09
699,JC06F09,48,2022-10-07 14:44:53,0.931,not used,J,C,06,F,09
700,JC06F09,49,2022-10-07 14:45:08,1.017,not used,J,C,06,F,09
701,JC06F09,50,2022-10-07 14:45:15,1.174,not used,J,C,06,F,09
702,JC06F09,51,2022-10-07 14:45:23,1.021,not used,J,C,06,F,09
703,JC06F09,52,2022-10-07 14:45:31,1.109,not used,J,C,06,F,09
704,JC06F09,53,2022-10-07 14:45:38,1.003,not used,J,C,06,F,09
705,JC06F09,54,2022-10-07 14:45:45,1.128,not used,J,C,06,F,09
706,JC06F09,55,2022-10-07 14:45:52,1.144,not used,J,C,06,F,09
707,JC06F09,56,2022-10-07 14:45:58,0.988,not used,J,C,06,F,09
708,JC06F09,57,2022-10-07 14:46:05,0.881,not used,J,C,06,F,09
709,JC06F09,58,2022-10-07 14:46:12,1.022,not used,J,C,06,F,09
710,JC06F09,59,2022-10-07 14:46:19,0.896,not used,J,C,06,F,09
711,JC06F09,60,2022-10-07 14:46:26,1.036,not used,J,C,06,F,09
720,JC06F08,1,2022-10-07 14:48:59,0.977,not used,J,C,06,F,08
721,JC06F08,2,2022-10-07 14:49:11,0.897,not used,J,C,06,F,08
722,JC06F08,3,2022-10-07 14:49:19,1.169,not used,J,C,06,F,08
723,JC06F08,4,2022-10-07 14:49:28,0.996,not used,J,C,06,F,08
724,JC06F08,5,2022-10-07 14:49:36,0.980,not used,J,C,06,F,08
725,JC06F08,6,2022-10-07 14:49:48,1.047,not used,J,C,06,F,08
726,JC06F08,7,2022-10-07 14:49:55,0.888,not used,J,C,06,F,08
727,JC06F08,8,2022-10-07 14:50:02,0.969,not used,J,C,06,F,08
728,JC06F08,9,2022-10-07 14:50:13,1.078,not used,J,C,06,F,08
729,JC06F08,10,2022-10-07 14:50:22,0.966,not used,J,C,06,F,08
730,JC06F08,11,2022-10-07 14:50:29,1.010,not used,J,C,06,F,08
731,JC06F08,12,2022-10-07 14:50:37,0.980,not used,J,C,06,F,08
732,JC06F08,13,2022-10-07 14:50:44,1.117,not used,J,C,06,F,08
733,JC06F08,14,2022-10-07 14:50:51,1.029,not used,J,C,06,F,08
734,JC06F08,15,2022-10-07 14:50:58,0.905,not used,J,C,06,F,08
735,JC06F08,16,2022-10-07 14:51:04,1.065,not used,J,C,06,F,08
736,JC06F08,17,2022-10-07 14:51:13,1.012,not used,J,C,06,F,08
737,JC06F08,18,2022-10-07 14:51:20,0.948,not used,J,C,06,F,08
738,JC06F08,19,2022-10-07 14:51:27,1.062,not used,J,C,06,F,08
739,JC06F08,20,2022-10-07 14:51:34,1.100,not used,J,C,06,F,08
740,JC06F08,21,2022-10-07 14:51:42,0.959,not used,J,C,06,F,08
741,JC06F08,22,2022-10-07 14:51:50,0.922,not used,J,C,06,F,08
742,JC06F08,23,2022-10-07 14:51:56,1.085,not used,J,C,06,F,08
743,JC06F08,24,2022-10-07 14:52:04,0.957,not used,J,C,06,F,08
744,JC06F08,25,2022-10-07 14:52:10,0.928,not used,J,C,06,F,08
745,JC06F08,26,2022-10-07 14:52:17,1.026,not used,J,C,06,F,08
746,JC06F08,27,2022-10-07 14:52:23,1.027,not used,J,C,06,F,08
747,JC06F08,28,2022-10-07 14:52:30,0.963,not used,J,C,06,F,08
748,JC06F08,29,2022-10-07 14:52:37,0.885,not used,J,C,06,F,08
749,JC06F08,30,2022-10-07 14:52:45,1.055,not used,J,C,06,F,08
750,JC06F08,31,2022-10-07 14:52:51,1.073,not used,J,C,06,F,08
751,JC06F08,32,2022-10-07 14:52:57,0.988,not used,J,C,06,F,08
752,JC06F08,33,2022-10-07 14:53:04,0.999,not used,J,C,06,F,08
753,JC06F08,34,2022-10-07 14:53:11,1.117,not used,J,C,06,F,08
754,JC06F08,35,2022-10-07 14:53:17,0.971,not used,J,C,06,F,08
755,JC06F08,36,2022-10-07 14:53:24,0.871,not used,J,C,06,F,08
756,JC06F08,37,2022-10-07 14:53:31,0.974,not used,J,C,06,F,08
757,JC06F08,38,2022-10-07 14:53:39,1.066,not used,J,C,06,F,08
758,JC06F08,39,2022-10-07 14:53:45,1.020,not used,J,C,06,F,08
759,JC06F08,40,2022-10-07 14:53:53,0.939,not used,J,C,06,F,08
760,JC06F08,41,2022-10-07 14:53:59,0.917,not used,J,C,06,F,08
761,JC06F08,42,2022-10-07 14:54:06,1.121,not used,J,C,06,F,08
762,JC06F08,43,2022-10-07 14:54:12,0.943,not used,J,C,06,F,08
763,JC06F08,44,2022-10-07 14:54:20,0.977,not used,J,C,06,F,08
764,JC06F08,45,2022-10-07 14:54:27,0.930,not used,J,C,06,F,08
765,JC06F08,46,2022-10-07 14:54:33,0.877,not used,J,C,06,F,08
766,JC06F08,47,2022-10-07 14:54:40,0.993,not used,J,C,06,F,08
767,JC06F08,48,2022-10-07 14:54:48,0.983,not used,J,C,06,F,08
768,JC06F08,49,2022-10-07 14:54:54,0.872,not used,J,C,06,F,08
769,JC06F08,50,2022-10-07 14:55:01,1.044,not used,J,C,06,F,08
770,JC06F08,51,2022-10-07 14:55:13,0.908,not used,J,C,06,F,08
771,JC06F08,52,2022-10-07 14:55:20,0.927,not used,J,C,06,F,08
772,JC06F08,53,2022-10-07 14:55:28,1.022,not used,J,C,06,F,08
773,JC06F08,54,2022-10-07 14:55:35,1.073,not used,J,C,06,F,08
774,JC06F08,55,2022-10-07 14:55:42,0.884,not used,J,C,06,F,08
775,JC06F08,56,2022-10-07 14:55:49,0.927,not used,J,C,06,F,08
776,JC06F08,57,2022-10-07 14:55:55,0.930,not used,J,C,06,F,08
777,JC06F08,58,2022-10-07 14:56:02,0.940,not used,J,C,06,F,08
778,JC06F08,59,2022-10-07 14:56:10,1.154,not used,J,C,06,F,08
779,JC06F08,60,2022-10-07 14:56:16,0.872,not used,J,C,06,F,08
788,JC06F07,1,2022-10-07 14:58:18,1.022,not used,J,C,06,F,07
789,JC06F07,2,2022-10-07 14:58:32,0.971,not used,J,C,06,F,07
790,JC06F07,3,2022-10-07 14:58:40,0.896,not used,J,C,06,F,07
791,JC06F07,4,2022-10-07 14:58:47,0.908,not used,J,C,06,F,07
792,JC06F07,5,2022-10-07 14:58:53,1.152,not used,J,C,06,F,07
793,JC06F07,6,2022-10-07 14:59:01,1.128,not used,J,C,06,F,07
794,JC06F07,7,2022-10-07 14:59:10,0.934,not used,J,C,06,F,07
795,JC06F07,8,2022-10-07 14:59:16,1.040,not used,J,C,06,F,07
796,JC06F07,9,2022-10-07 14:59:24,0.896,not used,J,C,06,F,07
797,JC06F07,10,2022-10-07 14:59:31,0.974,not used,J,C,06,F,07
798,JC06F07,11,2022-10-07 14:59:38,0.981,not used,J,C,06,F,07
799,JC06F07,12,2022-10-07 14:59:45,1.036,not used,J,C,06,F,07
800,JC06F07,13,2022-10-07 14:59:53,0.916,not used,J,C,06,F,07
801,JC06F07,14,2022-10-07 15:00:00,0.901,not used,J,C,06,F,07
802,JC06F07,15,2022-10-07 15:00:08,0.915,not used,J,C,06,F,07
803,JC06F07,16,2022-10-07 15:00:15,0.963,not used,J,C,06,F,07
804,JC06F07,17,2022-10-07 15:00:22,0.937,not used,J,C,06,F,07
805,JC06F07,18,2022-10-07 15:00:30,1.027,not used,J,C,06,F,07
806,JC06F07,19,2022-10-07 15:00:37,0.940,not used,J,C,06,F,07
807,JC06F07,20,2022-10-07 15:00:44,0.842,not used,J,C,06,F,07
808,JC06F07,21,2022-10-07 15:00:51,0.937,not used,J,C,06,F,07
809,JC06F07,22,2022-10-07 15:01:09,1.056,not used,J,C,06,F,07
810,JC06F07,23,2022-10-07 15:01:17,0.978,not used,J,C,06,F,07
811,JC06F07,24,2022-10-07 15:01:23,0.920,not used,J,C,06,F,07
812,JC06F07,25,2022-10-07 15:01:31,1.011,not used,J,C,06,F,07
813,JC06F07,26,2022-10-07 15:01:38,0.816,not used,J,C,06,F,07
814,JC06F07,27,2022-10-07 15:01:45,0.898,not used,J,C,06,F,07
815,JC06F07,28,2022-10-07 15:01:52,1.009,not used,J,C,06,F,07
816,JC06F07,29,2022-10-07 15:01:59,0.971,not used,J,C,06,F,07
817,JC06F07,30,2022-10-07 15:02:06,0.858,not used,J,C,06,F,07
818,JC06F07,31,2022-10-07 15:02:14,1.027,not used,J,C,06,F,07
819,JC06F07,32,2022-10-07 15:02:21,1.073,not used,J,C,06,F,07
820,JC06F07,33,2022-10-07 15:02:28,0.742,not used,J,C,06,F,07
821,JC06F07,34,2022-10-07 15:02:34,0.897,not used,J,C,06,F,07
822,JC06F07,35,2022-10-07 15:02:41,0.977,not used,J,C,06,F,07
823,JC06F07,36,2022-10-07 15:02:51,0.996,not used,J,C,06,F,07
824,JC06F07,37,2022-10-07 15:02:57,0.903,not used,J,C,06,F,07
825,JC06F07,38,2022-10-07 15:03:04,0.987,not used,J,C,06,F,07
826,JC06F07,39,2022-10-07 15:03:11,1.118,not used,J,C,06,F,07
827,JC06F07,40,2022-10-07 15:03:22,1.061,not used,J,C,06,F,07
828,JC06F07,41,2022-10-07 15:03:29,0.951,not used,J,C,06,F,07
829,JC06F07,42,2022-10-07 15:03:37,0.956,not used,J,C,06,F,07
830,JC06F07,43,2022-10-07 15:03:43,0.849,not used,J,C,06,F,07
831,JC06F07,44,2022-10-07 15:03:50,0.911,not used,J,C,06,F,07
832,JC06F07,45,2022-10-07 15:03:56,0.967,not used,J,C,06,F,07
833,JC06F07,46,2022-10-07 15:04:04,0.899,not used,J,C,06,F,07
834,JC06F07,47,2022-10-07 15:04:10,0.871,not used,J,C,06,F,07
835,JC06F07,48,2022-10-07 15:04:17,0.976,not used,J,C,06,F,07
836,JC06F07,49,2022-10-07 15:04:23,0.975,not used,J,C,06,F,07
837,JC06F07,50,2022-10-07 15:04:31,0.892,not used,J,C,06,F,07
838,JC06F07,51,2022-10-07 15:04:39,0.973,not used,J,C,06,F,07
839,JC06F07,52,2022-10-07 15:04:48,1.034,not used,J,C,06,F,07
840,JC06F07,53,2022-10-07 15:04:58,1.006,not used,J,C,06,F,07
841,JC06F07,54,2022-10-07 15:05:05,0.930,not used,J,C,06,F,07
842,JC06F07,55,2022-10-07 15:05:12,1.054,not used,J,C,06,F,07
843,JC06F07,56,2022-10-07 15:05:21,1.046,not used,J,C,06,F,07
844,JC06F07,57,2022-10-07 15:05:27,0.904,not used,J,C,06,F,07
845,JC06F07,58,2022-10-07 15:05:34,0.849,not used,J,C,06,F,07
846,JC06F07,59,2022-10-07 15:05:41,1.080,not used,J,C,06,F,07
847,JC06F07,60,2022-10-07 15:05:47,0.934,not used,J,C,06,F,07
856,JC06F06,1,2022-10-07 15:08:25,0.895,not used,J,C,06,F,06
857,JC06F06,2,2022-10-07 15:08:32,0.935,not used,J,C,06,F,06
858,JC06F06,3,2022-10-07 15:08:38,0.978,not used,J,C,06,F,06
859,JC06F06,4,2022-10-07 15:08:46,1.013,not used,J,C,06,F,06
860,JC06F06,5,2022-10-07 15:08:52,0.986,not used,J,C,06,F,06
861,JC06F06,6,2022-10-07 15:08:59,1.034,not used,J,C,06,F,06
862,JC06F06,7,2022-10-07 15:09:06,0.954,not used,J,C,06,F,06
863,JC06F06,8,2022-10-07 15:09:12,0.949,not used,J,C,06,F,06
864,JC06F06,9,2022-10-07 15:09:20,0.793,not used,J,C,06,F,06
865,JC06F06,10,2022-10-07 15:09:29,0.869,not used,J,C,06,F,06
866,JC06F06,11,2022-10-07 15:09:37,0.976,not used,J,C,06,F,06
867,JC06F06,12,2022-10-07 15:09:45,0.976,not used,J,C,06,F,06
868,JC06F06,13,2022-10-07 15:09:52,0.999,not used,J,C,06,F,06
869,JC06F06,14,2022-10-07 15:10:00,0.948,not used,J,C,06,F,06
870,JC06F06,15,2022-10-07 15:10:07,0.912,not used,J,C,06,F,06
871,JC06F06,16,2022-10-07 15:10:14,0.938,not used,J,C,06,F,06
872,JC06F06,17,2022-10-07 15:10:21,1.063,not used,J,C,06,F,06
873,JC06F06,18,2022-10-07 15:10:28,0.893,not used,J,C,06,F,06
874,JC06F06,19,2022-10-07 15:10:34,0.940,not used,J,C,06,F,06
875,JC06F06,20,2022-10-07 15:10:42,0.907,not used,J,C,06,F,06
876,JC06F06,21,2022-10-07 15:10:48,1.133,not used,J,C,06,F,06
877,JC06F06,22,2022-10-07 15:10:55,1.053,not used,J,C,06,F,06
878,JC06F06,23,2022-10-07 15:11:01,0.917,not used,J,C,06,F,06
879,JC06F06,24,2022-10-07 15:11:07,0.830,not used,J,C,06,F,06
880,JC06F06,25,2022-10-07 15:11:15,0.882,not used,J,C,06,F,06
881,JC06F06,26,2022-10-07 15:11:22,0.926,not used,J,C,06,F,06
882,JC06F06,27,2022-10-07 15:11:28,1.003,not used,J,C,06,F,06
883,JC06F06,28,2022-10-07 15:11:35,0.913,not used,J,C,06,F,06
884,JC06F06,29,2022-10-07 15:11:49,1.072,not used,J,C,06,F,06
885,JC06F06,30,2022-10-07 15:11:56,0.978,not used,J,C,06,F,06
886,JC06F06,31,2022-10-07 15:12:03,1.013,not used,J,C,06,F,06
887,JC06F06,32,2022-10-07 15:12:09,1.086,not used,J,C,06,F,06
888,JC06F06,33,2022-10-07 15:12:18,1.004,not used,J,C,06,F,06
889,JC06F06,34,2022-10-07 15:12:26,0.934,not used,J,C,06,F,06
890,JC06F06,35,2022-10-07 15:12:33,1.017,not used,J,C,06,F,06
891,JC06F06,36,2022-10-07 15:12:40,0.939,not used,J,C,06,F,06
892,JC06F06,37,2022-10-07 15:12:47,0.802,not used,J,C,06,F,06
893,JC06F06,38,2022-10-07 15:12:53,0.781,not used,J,C,06,F,06
894,JC06F06,39,2022-10-07 15:13:00,0.826,not used,J,C,06,F,06
895,JC06F06,40,2022-10-07 15:13:06,0.950,not used,J,C,06,F,06
896,JC06F06,41,2022-10-07 15:13:12,1.069,not used,J,C,06,F,06
897,JC06F06,42,2022-10-07 15:13:19,0.880,not used,J,C,06,F,06
898,JC06F06,43,2022-10-07 15:13:26,0.894,not used,J,C,06,F,06
899,JC06F06,44,2022-10-07 15:13:33,0.839,not used,J,C,06,F,06
900,JC06F06,45,2022-10-07 15:13:40,1.044,not used,J,C,06,F,06
901,JC06F06,46,2022-10-07 15:13:46,1.013,not used,J,C,06,F,06
902,JC06F06,47,2022-10-07 15:13:54,1.033,not used,J,C,06,F,06
903,JC06F06,48,2022-10-07 15:14:01,1.121,not used,J,C,06,F,06
904,JC06F06,49,2022-10-07 15:14:08,0.763,not used,J,C,06,F,06
905,JC06F06,50,2022-10-07 15:14:14,0.823,not used,J,C,06,F,06
906,JC06F06,51,2022-10-07 15:14:22,0.834,not used,J,C,06,F,06
907,JC06F06,52,2022-10-07 15:14:30,0.867,not used,J,C,06,F,06
908,JC06F06,53,2022-10-07 15:14:37,0.971,not used,J,C,06,F,06
909,JC06F06,54,2022-10-07 15:14:43,0.937,not used,J,C,06,F,06
910,JC06F06,55,2022-10-07 15:14:50,0.712,not used,J,C,06,F,06
911,JC06F06,56,2022-10-07 15:14:56,0.984,not used,J,C,06,F,06
912,JC06F06,57,2022-10-07 15:15:02,1.048,not used,J,C,06,F,06
913,JC06F06,58,2022-10-07 15:15:09,0.887,not used,J,C,06,F,06
914,JC06F06,59,2022-10-07 15:15:15,0.792,not used,J,C,06,F,06
915,JC06F06,60,2022-10-07 15:15:24,0.956,not used,J,C,06,F,06
924,JC06F05,1,2022-10-07 15:17:44,0.964,not used,J,C,06,F,05
925,JC06F05,2,2022-10-07 15:17:52,0.721,not used,J,C,06,F,05
926,JC06F05,3,2022-10-07 15:18:00,0.923,not used,J,C,06,F,05
927,JC06F05,4,2022-10-07 15:18:06,0.877,not used,J,C,06,F,05
928,JC06F05,5,2022-10-07 15:18:17,0.789,not used,J,C,06,F,05
929,JC06F05,6,2022-10-07 15:18:25,0.903,not used,J,C,06,F,05
930,JC06F05,7,2022-10-07 15:18:31,0.885,not used,J,C,06,F,05
931,JC06F05,8,2022-10-07 15:18:38,0.937,not used,J,C,06,F,05
932,JC06F05,9,2022-10-07 15:18:45,0.867,not used,J,C,06,F,05
933,JC06F05,10,2022-10-07 15:18:52,1.057,not used,J,C,06,F,05
934,JC06F05,11,2022-10-07 15:18:58,0.793,not used,J,C,06,F,05
935,JC06F05,12,2022-10-07 15:19:07,1.020,not used,J,C,06,F,05
936,JC06F05,13,2022-10-07 15:19:14,0.766,not used,J,C,06,F,05
937,JC06F05,14,2022-10-07 15:19:23,1.047,not used,J,C,06,F,05
938,JC06F05,15,2022-10-07 15:19:29,1.064,not used,J,C,06,F,05
939,JC06F05,16,2022-10-07 15:19:37,0.808,not used,J,C,06,F,05
940,JC06F05,17,2022-10-07 15:19:43,0.892,not used,J,C,06,F,05
941,JC06F05,18,2022-10-07 15:19:49,1.090,not used,J,C,06,F,05
942,JC06F05,19,2022-10-07 15:19:56,0.866,not used,J,C,06,F,05
943,JC06F05,20,2022-10-07 15:20:03,0.991,not used,J,C,06,F,05
944,JC06F05,21,2022-10-07 15:20:09,0.785,not used,J,C,06,F,05
945,JC06F05,22,2022-10-07 15:20:15,0.962,not used,J,C,06,F,05
946,JC06F05,23,2022-10-07 15:20:23,0.956,not used,J,C,06,F,05
947,JC06F05,24,2022-10-07 15:20:30,0.855,not used,J,C,06,F,05
948,JC06F05,25,2022-10-07 15:20:36,1.051,not used,J,C,06,F,05
949,JC06F05,26,2022-10-07 15:20:44,0.907,not used,J,C,06,F,05
950,JC06F05,27,2022-10-07 15:20:50,0.876,not used,J,C,06,F,05
951,JC06F05,28,2022-10-07 15:20:57,0.875,not used,J,C,06,F,05
952,JC06F05,29,2022-10-07 15:21:04,1.152,not used,J,C,06,F,05
953,JC06F05,30,2022-10-07 15:21:11,0.952,not used,J,C,06,F,05
954,JC06F05,31,2022-10-07 15:21:17,0.835,not used,J,C,06,F,05
955,JC06F05,32,2022-10-07 15:21:26,0.878,not used,J,C,06,F,05
956,JC06F05,33,2022-10-07 15:21:33,0.927,not used,J,C,06,F,05
957,JC06F05,34,2022-10-07 15:21:40,0.832,not used,J,C,06,F,05
958,JC06F05,35,2022-10-07 15:21:48,0.898,not used,J,C,06,F,05
959,JC06F05,36,2022-10-07 15:21:57,0.897,not used,J,C,06,F,05
960,JC06F05,37,2022-10-07 15:22:04,1.008,not used,J,C,06,F,05
961,JC06F05,38,2022-10-07 15:22:13,0.834,not used,J,C,06,F,05
962,JC06F05,39,2022-10-07 15:22:20,0.806,not used,J,C,06,F,05
963,JC06F05,40,2022-10-07 15:22:26,0.884,not used,J,C,06,F,05
964,JC06F05,41,2022-10-07 15:22:32,0.850,not used,J,C,06,F,05
965,JC06F05,42,2022-10-07 15:22:39,0.845,not used,J,C,06,F,05
966,JC06F05,43,2022-10-07 15:22:46,0.878,not used,J,C,06,F,05
967,JC06F05,44,2022-10-07 15:22:53,0.841,not used,J,C,06,F,05
968,JC06F05,45,2022-10-07 15:22:59,0.768,not used,J,C,06,F,05
969,JC06F05,46,2022-10-07 15:23:05,0.826,not used,J,C,06,F,05
970,JC06F05,47,2022-10-07 15:23:12,1.071,not used,J,C,06,F,05
971,JC06F05,48,2022-10-07 15:23:18,0.923,not used,J,C,06,F,05
972,JC06F05,49,2022-10-07 15:23:25,0.858,not used,J,C,06,F,05
973,JC06F05,50,2022-10-07 15:23:31,0.986,not used,J,C,06,F,05
974,JC06F05,51,2022-10-07 15:23:36,1.073,not used,J,C,06,F,05
975,JC06F05,52,2022-10-07 15:23:42,0.946,not used,J,C,06,F,05
976,JC06F05,53,2022-10-07 15:24:11,0.849,not used,J,C,06,F,05
977,JC06F05,54,2022-10-07 15:24:18,0.911,not used,J,C,06,F,05
978,JC06F05,55,2022-10-07 15:24:26,1.044,not used,J,C,06,F,05
979,JC06F05,56,2022-10-07 15:24:33,0.835,not used,J,C,06,F,05
980,JC06F05,57,2022-10-07 15:24:40,0.837,not used,J,C,06,F,05
981,JC06F05,58,2022-10-07 15:24:48,0.881,not used,J,C,06,F,05
982,JC06F05,59,2022-10-07 15:24:56,0.886,not used,J,C,06,F,05
983,JC06F05,60,2022-10-07 15:25:05,0.862,not used,J,C,06,F,05
984,JC06F05,61,2022-10-07 15:25:23,1.011,not used,J,C,06,F,05
985,JC06F05,62,2022-10-07 15:25:32,1.035,not used,J,C,06,F,05
986,JC06F05,63,2022-10-07 15:25:39,1.008,not used,J,C,06,F,05
987,JC06F05,64,2022-10-07 15:25:50,0.924,not used,J,C,06,F,05
988,JC06F05,65,2022-10-07 15:25:57,0.782,not used,J,C,06,F,05
989,JC06F05,66,2022-10-07 15:26:05,0.964,not used,J,C,06,F,05
990,JC06F05,67,2022-10-07 15:26:21,1.000,not used,J,C,06,F,05
991,JC06F05,68,2022-10-07 15:26:35,0.829,not used,J,C,06,F,05
992,JC06F05,69,2022-10-07 15:29:34,0.861,not used,J,C,06,F,05
1001,JC06F04,1,2022-10-07 15:29:51,0.843,not used,J,C,06,F,04
1002,JC06F04,2,2022-10-07 15:30:03,1.028,not used,J,C,06,F,04
1003,JC06F04,3,2022-10-07 15:30:09,0.781,not used,J,C,06,F,04
1004,JC06F04,4,2022-10-07 15:30:17,0.785,not used,J,C,06,F,04
1005,JC06F04,5,2022-10-07 15:30:28,0.797,not used,J,C,06,F,04
1006,JC06F04,6,2022-10-07 15:30:35,0.779,not used,J,C,06,F,04
1007,JC06F04,7,2022-10-07 15:30:42,0.805,not used,J,C,06,F,04
1008,JC06F04,8,2022-10-07 15:30:51,1.049,not used,J,C,06,F,04
1009,JC06F04,9,2022-10-07 15:30:57,0.855,not used,J,C,06,F,04
1010,JC06F04,10,2022-10-07 15:31:05,0.803,not used,J,C,06,F,04
1011,JC06F04,11,2022-10-07 15:31:14,0.774,not used,J,C,06,F,04
1012,JC06F04,12,2022-10-07 15:31:20,0.813,not used,J,C,06,F,04
1013,JC06F04,13,2022-10-07 15:31:30,0.785,not used,J,C,06,F,04
1014,JC06F04,14,2022-10-07 15:31:37,0.829,not used,J,C,06,F,04
1015,JC06F04,15,2022-10-07 15:31:45,0.849,not used,J,C,06,F,04
1016,JC06F04,16,2022-10-07 15:31:53,0.750,not used,J,C,06,F,04
1017,JC06F04,17,2022-10-07 15:32:01,0.908,not used,J,C,06,F,04
1018,JC06F04,18,2022-10-07 15:32:09,1.210,not used,J,C,06,F,04
1019,JC06F04,19,2022-10-07 15:32:17,0.749,not used,J,C,06,F,04
1020,JC06F04,20,2022-10-07 15:32:25,1.002,not used,J,C,06,F,04
1021,JC06F04,21,2022-10-07 15:32:33,0.793,not used,J,C,06,F,04
1022,JC06F04,22,2022-10-07 15:32:40,0.867,not used,J,C,06,F,04
1023,JC06F04,23,2022-10-07 15:32:48,0.788,not used,J,C,06,F,04
1024,JC06F04,24,2022-10-07 15:32:55,0.828,not used,J,C,06,F,04
1025,JC06F04,25,2022-10-07 15:33:02,0.829,not used,J,C,06,F,04
1026,JC06F04,26,2022-10-07 15:33:11,0.911,not used,J,C,06,F,04
1027,JC06F04,27,2022-10-07 15:33:18,0.873,not used,J,C,06,F,04
1028,JC06F04,28,2022-10-07 15:33:27,0.797,not used,J,C,06,F,04
1029,JC06F04,29,2022-10-07 15:33:35,1.001,not used,J,C,06,F,04
1030,JC06F04,30,2022-10-07 15:33:44,0.831,not used,J,C,06,F,04
1031,JC06F04,31,2022-10-07 15:33:52,0.817,not used,J,C,06,F,04
1032,JC06F04,32,2022-10-07 15:34:00,0.995,not used,J,C,06,F,04
1033,JC06F04,33,2022-10-07 15:34:08,0.872,not used,J,C,06,F,04
1034,JC06F04,34,2022-10-07 15:34:18,1.015,not used,J,C,06,F,04
1035,JC06F04,35,2022-10-07 15:34:26,1.015,not used,J,C,06,F,04
1036,JC06F04,36,2022-10-07 15:34:34,0.845,not used,J,C,06,F,04
1037,JC06F04,37,2022-10-07 15:34:42,0.770,not used,J,C,06,F,04
1038,JC06F04,38,2022-10-07 15:34:50,0.845,not used,J,C,06,F,04
1039,JC06F04,39,2022-10-07 15:34:57,0.824,not used,J,C,06,F,04
1040,JC06F04,40,2022-10-07 15:35:05,0.744,not used,J,C,06,F,04
1041,JC06F04,41,2022-10-07 15:35:12,0.869,not used,J,C,06,F,04
1042,JC06F04,42,2022-10-07 15:35:21,0.882,not used,J,C,06,F,04
1043,JC06F04,43,2022-10-07 15:35:29,0.915,not used,J,C,06,F,04
1044,JC06F04,44,2022-10-07 15:35:39,0.750,not used,J,C,06,F,04
1045,JC06F04,45,2022-10-07 15:35:46,0.877,not used,J,C,06,F,04
1046,JC06F04,46,2022-10-07 15:36:03,0.926,not used,J,C,06,F,04
1047,JC06F04,47,2022-10-07 15:36:13,0.935,not used,J,C,06,F,04
1048,JC06F04,48,2022-10-07 15:36:25,0.772,not used,J,C,06,F,04
1049,JC06F04,49,2022-10-07 15:36:37,0.907,not used,J,C,06,F,04
1050,JC06F04,50,2022-10-07 15:36:48,0.911,not used,J,C,06,F,04
1051,JC06F04,51,2022-10-07 15:36:57,0.917,not used,J,C,06,F,04
1052,JC06F04,52,2022-10-07 15:37:06,0.955,not used,J,C,06,F,04
1053,JC06F04,53,2022-10-07 15:37:13,0.875,not used,J,C,06,F,04
1054,JC06F04,54,2022-10-07 15:37:21,0.825,not used,J,C,06,F,04
1055,JC06F04,55,2022-10-07 15:37:29,0.849,not used,J,C,06,F,04
1056,JC06F04,56,2022-10-07 15:37:38,0.843,not used,J,C,06,F,04
1057,JC06F04,57,2022-10-07 15:37:46,0.849,not used,J,C,06,F,04
1058,JC06F04,58,2022-10-07 15:37:56,0.823,not used,J,C,06,F,04
1059,JC06F04,59,2022-10-07 15:38:04,0.809,not used,J,C,06,F,04
1060,JC06F04,60,2022-10-07 15:38:12,0.680,not used,J,C,06,F,04
1069,JC06F03,1,2022-10-07 15:40:47,0.875,not used,J,C,06,F,03
1070,JC06F03,2,2022-10-07 15:40:54,0.919,not used,J,C,06,F,03
1071,JC06F03,3,2022-10-07 15:41:01,0.983,not used,J,C,06,F,03
1072,JC06F03,4,2022-10-07 15:41:09,0.897,not used,J,C,06,F,03
1073,JC06F03,5,2022-10-07 15:41:20,0.906,not used,J,C,06,F,03
1074,JC06F03,6,2022-10-07 15:41:29,0.952,not used,J,C,06,F,03
1075,JC06F03,7,2022-10-07 15:41:39,0.956,not used,J,C,06,F,03
1076,JC06F03,8,2022-10-07 15:41:46,0.938,not used,J,C,06,F,03
1077,JC06F03,9,2022-10-07 15:41:54,0.987,not used,J,C,06,F,03
1078,JC06F03,10,2022-10-07 15:42:02,0.959,not used,J,C,06,F,03
1079,JC06F03,11,2022-10-07 15:42:11,0.895,not used,J,C,06,F,03
1080,JC06F03,12,2022-10-07 15:42:22,1.124,not used,J,C,06,F,03
1081,JC06F03,13,2022-10-07 15:42:31,1.039,not used,J,C,06,F,03
1082,JC06F03,14,2022-10-07 15:42:38,0.992,not used,J,C,06,F,03
1083,JC06F03,15,2022-10-07 15:42:44,0.903,not used,J,C,06,F,03
1084,JC06F03,16,2022-10-07 15:42:52,1.087,not used,J,C,06,F,03
1085,JC06F03,17,2022-10-07 15:43:00,0.979,not used,J,C,06,F,03
1086,JC06F03,18,2022-10-07 15:43:08,0.970,not used,J,C,06,F,03
1087,JC06F03,19,2022-10-07 15:43:15,1.070,not used,J,C,06,F,03
1088,JC06F03,20,2022-10-07 15:43:24,0.871,not used,J,C,06,F,03
1089,JC06F03,21,2022-10-07 15:43:31,1.055,not used,J,C,06,F,03
1090,JC06F03,22,2022-10-07 15:43:39,0.971,not used,J,C,06,F,03
1091,JC06F03,23,2022-10-07 15:43:46,0.914,not used,J,C,06,F,03
1092,JC06F03,24,2022-10-07 15:43:54,1.017,not used,J,C,06,F,03
1093,JC06F03,25,2022-10-07 15:44:02,1.101,not used,J,C,06,F,03
1094,JC06F03,26,2022-10-07 15:44:10,1.043,not used,J,C,06,F,03
1095,JC06F03,27,2022-10-07 15:44:17,1.186,not used,J,C,06,F,03
1096,JC06F03,28,2022-10-07 15:44:26,0.911,not used,J,C,06,F,03
1097,JC06F03,29,2022-10-07 15:44:34,0.999,not used,J,C,06,F,03
1098,JC06F03,30,2022-10-07 15:44:41,0.902,not used,J,C,06,F,03
1099,JC06F03,31,2022-10-07 15:44:51,1.199,not used,J,C,06,F,03
1100,JC06F03,32,2022-10-07 15:44:58,1.003,not used,J,C,06,F,03
1101,JC06F03,33,2022-10-07 15:45:07,0.973,not used,J,C,06,F,03
1102,JC06F03,34,2022-10-07 15:45:15,1.097,not used,J,C,06,F,03
1103,JC06F03,35,2022-10-07 15:45:22,0.947,not used,J,C,06,F,03
1104,JC06F03,36,2022-10-07 15:45:28,0.968,not used,J,C,06,F,03
1105,JC06F03,37,2022-10-07 15:45:36,1.015,not used,J,C,06,F,03
1106,JC06F03,38,2022-10-07 15:45:43,0.941,not used,J,C,06,F,03
1107,JC06F03,39,2022-10-07 15:45:50,0.983,not used,J,C,06,F,03
1108,JC06F03,40,2022-10-07 15:46:00,1.091,not used,J,C,06,F,03
1109,JC06F03,41,2022-10-07 15:46:07,0.903,not used,J,C,06,F,03
1110,JC06F03,42,2022-10-07 15:46:14,0.928,not used,J,C,06,F,03
1111,JC06F03,43,2022-10-07 15:46:20,1.049,not used,J,C,06,F,03
1112,JC06F03,44,2022-10-07 15:46:30,0.895,not used,J,C,06,F,03
1113,JC06F03,45,2022-10-07 15:46:39,0.941,not used,J,C,06,F,03
1114,JC06F03,46,2022-10-07 15:46:46,0.998,not used,J,C,06,F,03
1115,JC06F03,47,2022-10-07 15:46:54,1.161,not used,J,C,06,F,03
1116,JC06F03,48,2022-10-07 15:47:04,1.012,not used,J,C,06,F,03
1117,JC06F03,49,2022-10-07 15:47:12,0.901,not used,J,C,06,F,03
1118,JC06F03,50,2022-10-07 15:47:19,0.957,not used,J,C,06,F,03
1119,JC06F03,51,2022-10-07 15:47:27,1.057,not used,J,C,06,F,03
1120,JC06F03,52,2022-10-07 15:47:34,1.003,not used,J,C,06,F,03
1121,JC06F03,53,2022-10-07 15:47:42,0.977,not used,J,C,06,F,03
1122,JC06F03,54,2022-10-07 15:47:49,1.084,not used,J,C,06,F,03
1123,JC06F03,55,2022-10-07 15:47:57,0.936,not used,J,C,06,F,03
1124,JC06F03,56,2022-10-07 15:48:05,0.873,not used,J,C,06,F,03
1125,JC06F03,57,2022-10-07 15:48:13,0.962,not used,J,C,06,F,03
1126,JC06F03,58,2022-10-07 15:48:20,1.075,not used,J,C,06,F,03
1127,JC06F03,59,2022-10-07 15:48:27,0.921,not used,J,C,06,F,03
1128,JC06F03,60,2022-10-07 15:48:34,1.020,not used,J,C,06,F,03
1137,JC06F02,1,2022-10-07 15:51:24,0.967,not used,J,C,06,F,02
1138,JC06F02,2,2022-10-07 15:51:31,0.818,not used,J,C,06,F,02
1139,JC06F02,3,2022-10-07 15:51:42,0.995,not used,J,C,06,F,02
1140,JC06F02,4,2022-10-07 15:51:51,0.884,not used,J,C,06,F,02
1141,JC06F02,5,2022-10-07 15:51:58,0.885,not used,J,C,06,F,02
1142,JC06F02,6,2022-10-07 15:52:05,0.991,not used,J,C,06,F,02
1143,JC06F02,7,2022-10-07 15:52:12,1.167,not used,J,C,06,F,02
1144,JC06F02,8,2022-10-07 15:52:24,0.920,not used,J,C,06,F,02
1145,JC06F02,9,2022-10-07 15:52:32,0.884,not used,J,C,06,F,02
1146,JC06F02,10,2022-10-07 15:52:40,0.976,not used,J,C,06,F,02
1147,JC06F02,11,2022-10-07 15:52:46,0.894,not used,J,C,06,F,02
1148,JC06F02,12,2022-10-07 15:52:54,1.062,not used,J,C,06,F,02
1149,JC06F02,13,2022-10-07 15:53:02,0.919,not used,J,C,06,F,02
1150,JC06F02,14,2022-10-07 15:53:10,0.996,not used,J,C,06,F,02
1151,JC06F02,15,2022-10-07 15:53:18,1.035,not used,J,C,06,F,02
1152,JC06F02,16,2022-10-07 15:53:25,0.768,not used,J,C,06,F,02
1153,JC06F02,17,2022-10-07 15:53:33,0.946,not used,J,C,06,F,02
1154,JC06F02,18,2022-10-07 15:53:41,0.908,not used,J,C,06,F,02
1155,JC06F02,19,2022-10-07 15:53:47,0.990,not used,J,C,06,F,02
1156,JC06F02,20,2022-10-07 15:53:55,0.988,not used,J,C,06,F,02
1157,JC06F02,21,2022-10-07 15:54:02,0.882,not used,J,C,06,F,02
1158,JC06F02,22,2022-10-07 15:54:08,0.938,not used,J,C,06,F,02
1159,JC06F02,23,2022-10-07 15:54:17,0.942,not used,J,C,06,F,02
1160,JC06F02,24,2022-10-07 15:54:25,0.857,not used,J,C,06,F,02
1161,JC06F02,25,2022-10-07 15:54:32,0.974,not used,J,C,06,F,02
1162,JC06F02,26,2022-10-07 15:54:40,0.779,not used,J,C,06,F,02
1163,JC06F02,27,2022-10-07 15:54:49,0.795,not used,J,C,06,F,02
1164,JC06F02,28,2022-10-07 15:54:56,1.037,not used,J,C,06,F,02
1165,JC06F02,29,2022-10-07 15:55:03,0.900,not used,J,C,06,F,02
1166,JC06F02,30,2022-10-07 15:55:10,1.011,not used,J,C,06,F,02
1167,JC06F02,31,2022-10-07 15:55:17,0.850,not used,J,C,06,F,02
1168,JC06F02,32,2022-10-07 15:55:29,0.945,not used,J,C,06,F,02
1169,JC06F02,33,2022-10-07 15:55:35,0.992,not used,J,C,06,F,02
1170,JC06F02,34,2022-10-07 15:55:42,1.072,not used,J,C,06,F,02
1171,JC06F02,35,2022-10-07 15:55:49,0.967,not used,J,C,06,F,02
1172,JC06F02,36,2022-10-07 15:55:56,0.922,not used,J,C,06,F,02
1173,JC06F02,37,2022-10-07 15:56:04,0.896,not used,J,C,06,F,02
1174,JC06F02,38,2022-10-07 15:56:12,0.983,not used,J,C,06,F,02
1175,JC06F02,39,2022-10-07 15:56:20,0.907,not used,J,C,06,F,02
1176,JC06F02,40,2022-10-07 15:56:29,0.840,not used,J,C,06,F,02
1177,JC06F02,41,2022-10-07 15:56:35,1.014,not used,J,C,06,F,02
1178,JC06F02,42,2022-10-07 15:56:42,0.896,not used,J,C,06,F,02
1179,JC06F02,43,2022-10-07 15:56:49,1.052,not used,J,C,06,F,02
1180,JC06F02,44,2022-10-07 15:56:55,0.853,not used,J,C,06,F,02
1181,JC06F02,45,2022-10-07 15:57:02,0.923,not used,J,C,06,F,02
1182,JC06F02,46,2022-10-07 15:57:10,0.965,not used,J,C,06,F,02
1183,JC06F02,47,2022-10-07 15:57:17,0.967,not used,J,C,06,F,02
1184,JC06F02,48,2022-10-07 15:57:27,1.031,not used,J,C,06,F,02
1185,JC06F02,49,2022-10-07 15:57:34,0.995,not used,J,C,06,F,02
1186,JC06F02,50,2022-10-07 15:57:41,0.995,not used,J,C,06,F,02
1187,JC06F02,51,2022-10-07 15:57:47,0.926,not used,J,C,06,F,02
1188,JC06F02,52,2022-10-07 15:57:57,0.891,not used,J,C,06,F,02
1189,JC06F02,53,2022-10-07 15:58:05,0.846,not used,J,C,06,F,02
1190,JC06F02,54,2022-10-07 15:58:17,0.905,not used,J,C,06,F,02
1191,JC06F02,55,2022-10-07 15:58:24,0.846,not used,J,C,06,F,02
1192,JC06F02,56,2022-10-07 15:58:33,0.916,not used,J,C,06,F,02
1193,JC06F02,57,2022-10-07 15:58:40,1.045,not used,J,C,06,F,02
1194,JC06F02,58,2022-10-07 15:58:52,1.102,not used,J,C,06,F,02
1195,JC06F02,59,2022-10-07 15:58:58,0.847,not used,J,C,06,F,02
1196,JC06F02,60,2022-10-07 15:59:05,0.897,not used,J,C,06,F,02
1205,JC06F01,1,2022-10-07 16:01:31,1.009,not used,J,C,06,F,01
1206,JC06F01,2,2022-10-07 16:01:37,0.951,not used,J,C,06,F,01
1207,JC06F01,3,2022-10-07 16:01:44,0.861,not used,J,C,06,F,01
1208,JC06F01,4,2022-10-07 16:01:51,0.920,not used,J,C,06,F,01
1209,JC06F01,5,2022-10-07 16:01:57,0.893,not used,J,C,06,F,01
1210,JC06F01,6,2022-10-07 16:02:03,0.887,not used,J,C,06,F,01
1211,JC06F01,7,2022-10-07 16:02:10,1.048,not used,J,C,06,F,01
1212,JC06F01,8,2022-10-07 16:02:22,0.917,not used,J,C,06,F,01
1213,JC06F01,9,2022-10-07 16:02:34,0.887,not used,J,C,06,F,01
1214,JC06F01,10,2022-10-07 16:02:41,1.035,not used,J,C,06,F,01
1215,JC06F01,11,2022-10-07 16:02:48,1.004,not used,J,C,06,F,01
1216,JC06F01,12,2022-10-07 16:02:55,0.868,not used,J,C,06,F,01
1217,JC06F01,13,2022-10-07 16:03:05,0.976,not used,J,C,06,F,01
1218,JC06F01,14,2022-10-07 16:03:11,1.025,not used,J,C,06,F,01
1219,JC06F01,15,2022-10-07 16:03:18,0.955,not used,J,C,06,F,01
1220,JC06F01,16,2022-10-07 16:03:24,0.992,not used,J,C,06,F,01
1221,JC06F01,17,2022-10-07 16:03:32,0.893,not used,J,C,06,F,01
1222,JC06F01,18,2022-10-07 16:03:39,0.814,not used,J,C,06,F,01
1223,JC06F01,19,2022-10-07 16:03:47,1.149,not used,J,C,06,F,01
1224,JC06F01,20,2022-10-07 16:03:55,0.826,not used,J,C,06,F,01
1225,JC06F01,21,2022-10-07 16:04:01,1.063,not used,J,C,06,F,01
1226,JC06F01,22,2022-10-07 16:04:10,1.025,not used,J,C,06,F,01
1227,JC06F01,23,2022-10-07 16:04:17,0.860,not used,J,C,06,F,01
1228,JC06F01,24,2022-10-07 16:04:23,0.993,not used,J,C,06,F,01
1229,JC06F01,25,2022-10-07 16:04:34,0.981,not used,J,C,06,F,01
1230,JC06F01,26,2022-10-07 16:04:40,1.046,not used,J,C,06,F,01
1231,JC06F01,27,2022-10-07 16:04:48,0.945,not used,J,C,06,F,01
1232,JC06F01,28,2022-10-07 16:04:56,1.043,not used,J,C,06,F,01
1233,JC06F01,29,2022-10-07 16:05:02,1.000,not used,J,C,06,F,01
1234,JC06F01,30,2022-10-07 16:05:09,0.956,not used,J,C,06,F,01
1235,JC06F01,31,2022-10-07 16:05:17,0.943,not used,J,C,06,F,01
1236,JC06F01,32,2022-10-07 16:05:25,0.865,not used,J,C,06,F,01
1237,JC06F01,33,2022-10-07 16:05:32,0.971,not used,J,C,06,F,01
1238,JC06F01,34,2022-10-07 16:05:41,0.953,not used,J,C,06,F,01
1239,JC06F01,35,2022-10-07 16:05:47,0.830,not used,J,C,06,F,01
1240,JC06F01,36,2022-10-07 16:05:55,1.006,not used,J,C,06,F,01
1241,JC06F01,37,2022-10-07 16:06:02,1.016,not used,J,C,06,F,01
1242,JC06F01,38,2022-10-07 16:06:09,0.999,not used,J,C,06,F,01
1243,JC06F01,39,2022-10-07 16:06:17,0.833,not used,J,C,06,F,01
1244,JC06F01,40,2022-10-07 16:06:24,0.818,not used,J,C,06,F,01
1245,JC06F01,41,2022-10-07 16:06:33,0.898,not used,J,C,06,F,01
1246,JC06F01,42,2022-10-07 16:06:41,1.047,not used,J,C,06,F,01
1247,JC06F01,43,2022-10-07 16:06:48,0.995,not used,J,C,06,F,01
1248,JC06F01,44,2022-10-07 16:06:56,0.990,not used,J,C,06,F,01
1249,JC06F01,45,2022-10-07 16:07:02,0.905,not used,J,C,06,F,01
1250,JC06F01,46,2022-10-07 16:07:09,0.892,not used,J,C,06,F,01
1251,JC06F01,47,2022-10-07 16:07:16,0.992,not used,J,C,06,F,01
1252,JC06F01,48,2022-10-07 16:07:23,0.952,not used,J,C,06,F,01
1253,JC06F01,49,2022-10-07 16:07:30,1.076,not used,J,C,06,F,01
1254,JC06F01,50,2022-10-07 16:07:40,0.971,not used,J,C,06,F,01
1255,JC06F01,51,2022-10-07 16:07:47,0.935,not used,J,C,06,F,01
1256,JC06F01,52,2022-10-07 16:07:54,1.002,not used,J,C,06,F,01
1257,JC06F01,53,2022-10-07 16:08:00,0.851,not used,J,C,06,F,01
1258,JC06F01,54,2022-10-07 16:08:17,0.901,not used,J,C,06,F,01
1259,JC06F01,55,2022-10-07 16:08:25,0.872,not used,J,C,06,F,01
1260,JC06F01,56,2022-10-07 16:08:34,0.902,not used,J,C,06,F,01
1261,JC06F01,57,2022-10-07 16:08:47,0.834,not used,J,C,06,F,01
1262,JC06F01,58,2022-10-07 16:08:59,0.956,not used,J,C,06,F,01
1263,JC06F01,59,2022-10-07 16:09:07,0.932,not used,J,C,06,F,01
1264,JC06F01,60,2022-10-07 16:09:14,1.008,not used,J,C,06,F,01
